from,to,time
"Kanniyāmpatti, Salem, Tamil Nadu, India","A.Pudupatti, Pottulupatti, Tamil Nadu 625529",15025
"Kanniyāmpatti, Salem, Tamil Nadu, India","Kattakaruppanpatti, Usilampatti, Tamil Nadu, India",14675
"Kanniyāmpatti, Salem, Tamil Nadu, India","Uchapatti, Tirumangalam, Tamil Nadu, India",13470
"Kanniyāmpatti, Salem, Tamil Nadu, India","Ariyapatti, Usilampatti, Tamil Nadu, India",14345
"Kanniyāmpatti, Salem, Tamil Nadu, India","Sikkampatti, Papireddipatti, Dharmapuri, Tamil Nadu, India",7537
"Kanniyāmpatti, Salem, Tamil Nadu, India","Kuppanampatti, Tamil Nadu",8726
"Kanniyāmpatti, Salem, Tamil Nadu, India","Valandur, Tamil Nadu",14352
"Kanniyāmpatti, Salem, Tamil Nadu, India","Chellampatty, Tamil Nadu",8726
"Kanniyāmpatti, Salem, Tamil Nadu, India","Kannanur, Tamil Nadu 625514",13564
"Kanniyāmpatti, Salem, Tamil Nadu, India","Checkanurani, Tamil Nadu 625514",13475
"Kanniyāmpatti, Salem, Tamil Nadu, India","Vadapalanji, Tamil Nadu",13338
"Kanniyāmpatti, Salem, Tamil Nadu, India","Nagamalai Puthukottai, Tamil Nadu 625019",12993
"Kanniyāmpatti, Salem, Tamil Nadu, India","Kallandhiri, Tamil Nadu 625301",14130
"Kanniyāmpatti, Salem, Tamil Nadu, India","Mathur, Tamil Nadu 625301",14412
"Kanniyāmpatti, Salem, Tamil Nadu, India","Arumbanur, Tamil Nadu 625104",14553
"Kanniyāmpatti, Salem, Tamil Nadu, India","Pudupatti, Tamil Nadu 625107",14474
"Kanniyāmpatti, Salem, Tamil Nadu, India","Otthakadai, Tamil Nadu 625107",14558
"Kanniyāmpatti, Salem, Tamil Nadu, India","Uthangudi, Tamil Nadu",14693
"Kanniyāmpatti, Salem, Tamil Nadu, India","Sukkampatti, Tamil Nadu 625101",13786
"Kanniyāmpatti, Salem, Tamil Nadu, India","Vanjipatti, Tamil Nadu 625101",13786
"Kanniyāmpatti, Salem, Tamil Nadu, India","Vanjinagaram, Tamil Nadu 625101",14032
"Kanniyāmpatti, Salem, Tamil Nadu, India","Kachirayanpatti, Tamil Nadu 625105",14171
"Kanniyāmpatti, Salem, Tamil Nadu, India","Kottampatty, Tamil Nadu 625103",13596
"Kanniyāmpatti, Salem, Tamil Nadu, India","Attappatti, Tamil Nadu 625108",14568
"Kanniyāmpatti, Salem, Tamil Nadu, India","Thumbaipatti, Tamil Nadu",14483
"Kanniyāmpatti, Salem, Tamil Nadu, India","Soorakkundu, Tamil Nadu 625106",14665
"Kanniyāmpatti, Salem, Tamil Nadu, India","Pungankulam, Tamil Nadu 625706",14350
"Kanniyāmpatti, Salem, Tamil Nadu, India","Urappanur, Tamil Nadu",14037
"Kanniyāmpatti, Salem, Tamil Nadu, India","Mela Urapanur, Tamil Nadu 625706",14572
"Kanniyāmpatti, Salem, Tamil Nadu, India","Kannan Temple, MDR954, Urappanur, Tamil Nadu 625706",14037
"Kanniyāmpatti, Salem, Tamil Nadu, India","Karadikal, Tamil Nadu",18129
"Kanniyāmpatti, Salem, Tamil Nadu, India","Govt Kallar Ele. School Sorikkampatti, Sorikkampatti,, Tamil Nadu",8726
"Kanniyāmpatti, Salem, Tamil Nadu, India","K.Pudupatti, Madurai, Tamil Nadu",13349
"Kanniyāmpatti, Salem, Tamil Nadu, India","Thenpalanji, Tamil Nadu 625021",13382
"Kanniyāmpatti, Salem, Tamil Nadu, India","Panchayat Union Elementry School Vedar Puliyankulam, Veder Puliangulam, Tamil Nadu 625006",13203
"Kanniyāmpatti, Salem, Tamil Nadu, India","Ambattaiyanpatti, Tamil Nadu 625529",15025
"Kanniyāmpatti, Salem, Tamil Nadu, India","Poruppu Mettupatti, Tamil Nadu 625529",10465
"Kanniyāmpatti, Salem, Tamil Nadu, India","P. Vagaikulam, Tamil Nadu",13505
"Kanniyāmpatti, Salem, Tamil Nadu, India","C.Vagaikulam, Tamil Nadu",13505
"Kanniyāmpatti, Salem, Tamil Nadu, India","Alagusirai, Tamil Nadu 625706",14171
"Kanniyāmpatti, Salem, Tamil Nadu, India","Karadipatti, Tamil Nadu",13403
"Kanniyāmpatti, Salem, Tamil Nadu, India","Karumathur, Tamil Nadu 625514",13787
"Kanniyāmpatti, Salem, Tamil Nadu, India","Poosaaripatty, Tamil Nadu 625514",13785
"Kanniyāmpatti, Salem, Tamil Nadu, India","Poochampatti, Tamil Nadu 625218",12019
"Kanniyāmpatti, Salem, Tamil Nadu, India","Ramarajapuram, Tamil Nadu 624219",12216
"Kanniyāmpatti, Salem, Tamil Nadu, India","Thethoor, Tamil Nadu",8726
"Kanniyāmpatti, Salem, Tamil Nadu, India","Vaigasipatti, Tamil Nadu 625501",13318
"Kanniyāmpatti, Salem, Tamil Nadu, India","Kalvelipatti, Tamil Nadu",12546
"Kanniyāmpatti, Salem, Tamil Nadu, India","Alanganallur, Vadipatti, Madurai, Tamil Nadu, India",13100
"Kanniyāmpatti, Salem, Tamil Nadu, India","Siruvalai, Madurai, Tamil Nadu",12878
"Kanniyāmpatti, Salem, Tamil Nadu, India","Oththavidu, Tamil Nadu 625501",13100
"Kanniyāmpatti, Salem, Tamil Nadu, India","Kallanai, Tamil Nadu 625501",13154
"Kanniyāmpatti, Salem, Tamil Nadu, India","Sivarakottai, Tamil Nadu",14004
"Kanniyāmpatti, Salem, Tamil Nadu, India","Maruthangudi, Tamil Nadu 625701",15073
"Kanniyāmpatti, Salem, Tamil Nadu, India","Mochikulam, Tamil Nadu",8726
"Kanniyāmpatti, Salem, Tamil Nadu, India","Thirumal, Paraikulam, Tamil Nadu 625706",14572
"Kanniyāmpatti, Salem, Tamil Nadu, India","Paraikulam, Tamil Nadu 625706",14572
"Kanniyāmpatti, Salem, Tamil Nadu, India","Veeraperumalpuram, Tamil Nadu 625706",14572
"Kanniyāmpatti, Salem, Tamil Nadu, India","Thoombakulam, Tamil Nadu 625706",14572
"Kanniyāmpatti, Salem, Tamil Nadu, India","Kallanai, Tamil Nadu 625706",14572
"Kanniyāmpatti, Salem, Tamil Nadu, India","Sathangudi, Tamil Nadu 625706",13998
"Kanniyāmpatti, Salem, Tamil Nadu, India","Kangayanatham, Tamil Nadu 625706",14572
"Kanniyāmpatti, Salem, Tamil Nadu, India","Pannikundu, Tamil Nadu 625706",14280
"Kanniyāmpatti, Salem, Tamil Nadu, India","Thangalacheri, Tamil Nadu 625706",14572
"Kanniyāmpatti, Salem, Tamil Nadu, India","Sedapatti, Tamil Nadu 625527",15837
"Kanniyāmpatti, Salem, Tamil Nadu, India","Kunnathur, Tamil Nadu 625708",14605
"Kanniyāmpatti, Salem, Tamil Nadu, India","Kilavaneri, Tamil Nadu 625706",14572
"Kanniyāmpatti, Salem, Tamil Nadu, India","Tirali, Tamil Nadu 625706",14230
"Kanniyāmpatti, Salem, Tamil Nadu, India","Tirumangalam, Tamil Nadu 625706",14572
"Kanniyāmpatti, Salem, Tamil Nadu, India","Kappalur, Madurai, Tamil Nadu",13389
"Kanniyāmpatti, Salem, Tamil Nadu, India","Thoppur, Tamil Nadu 625008",4045
"Kanniyāmpatti, Salem, Tamil Nadu, India","Thiruparankundram, Tamil Nadu",13483
"Kanniyāmpatti, Salem, Tamil Nadu, India","Pykara, Madurai, Tamil Nadu 625004",13875
"Kanniyāmpatti, Salem, Tamil Nadu, India","Ulagani, Tamil Nadu 625706",14572
"Kanniyāmpatti, Salem, Tamil Nadu, India","Melaupplikundu, Tamil Nadu",8726
"Kanniyāmpatti, Salem, Tamil Nadu, India","Periya Koodakoil, Tamil Nadu",14367
"Kanniyāmpatti, Salem, Tamil Nadu, India","Solankuruni, Tamil Nadu 625022",14076
"Kanniyāmpatti, Salem, Tamil Nadu, India","Nallur, Tamil Nadu 625022",14419
"Kanniyāmpatti, Salem, Tamil Nadu, India","Kusavakundu, Tamil Nadu 625022",14233
"Kanniyāmpatti, Salem, Tamil Nadu, India","Perungudi, madurai",13809
"Kanniyāmpatti, Salem, Tamil Nadu, India","Chinthamani, Tamil Nadu",21450
"Kanniyāmpatti, Salem, Tamil Nadu, India","A.Andipatti, Tamil Nadu 625537",14501
"Kanniyāmpatti, Salem, Tamil Nadu, India","Ayyanarkulam, Tamil Nadu 625537",13668
"Kanniyāmpatti, Salem, Tamil Nadu, India","Kodikulam, Tamil Nadu 625514",13785
"Kanniyāmpatti, Salem, Tamil Nadu, India","Kovilangulam, Tamil Nadu 625514",15438
"Kanniyāmpatti, Salem, Tamil Nadu, India","Mayakurumbanpatti.Kaliyaman.Temple, Madurai, Tamil Nadu 625514",13785
"Kanniyāmpatti, Salem, Tamil Nadu, India","Chettikulam, Tamil Nadu 625514",23523
"Kanniyāmpatti, Salem, Tamil Nadu, India","Kokkulam, Tamil Nadu",16629
"Kanniyāmpatti, Salem, Tamil Nadu, India","Checkanurani, Tamil Nadu 625514",13475
"Kanniyāmpatti, Salem, Tamil Nadu, India","Panchayat Union Elementary School, Mahalingapuram, Usilampatti, Tamil Nadu, Mahalingampuram Pudur, Tamil Nadu 625537",14553
"Kanniyāmpatti, Salem, Tamil Nadu, India","Kalluthu, Tamil Nadu 625537",13374
"Kanniyāmpatti, Salem, Tamil Nadu, India","K.Perumalpatti Amman Kovil, post, Kalluthu, Tamil Nadu 625537",Error
"Kanniyāmpatti, Salem, Tamil Nadu, India","Saththa Kovil Melaperumalpatti, Mannadimangalam R.F., Tamil Nadu 625207",13302
"Kanniyāmpatti, Salem, Tamil Nadu, India","Vikkiramangalam, Tamil Nadu 625207",13487
"Kanniyāmpatti, Salem, Tamil Nadu, India","Panniyan, Tamil Nadu",8726
"Kanniyāmpatti, Salem, Tamil Nadu, India","Melakkal, Tamil Nadu 625234",13253
"Kanniyāmpatti, Salem, Tamil Nadu, India","Perumalkovilpatti, Tamil Nadu 625532",14489
"Kanniyāmpatti, Salem, Tamil Nadu, India","Allikundam, Tahsil-Usilampatti, Madurai, Tamil Nadu 625527",15271
"Kanniyāmpatti, Salem, Tamil Nadu, India","Manuthu, Tamil Nadu 625527",15854
"Kanniyāmpatti, Salem, Tamil Nadu, India","Rasakkapatti, Tamil Nadu 625527",15854
"Kanniyāmpatti, Salem, Tamil Nadu, India","Rengasamipatty Bus Stop, Eramarpatti, Tamil Nadu 625527",15854
"Kanniyāmpatti, Salem, Tamil Nadu, India","Palarpatti, Tamil Nadu 625527",15854
"Kanniyāmpatti, Salem, Tamil Nadu, India","Usilampatti, Tamil Nadu 625532",14489
"Kanniyāmpatti, Salem, Tamil Nadu, India","Unnamed Road, Varichiyur, Tamil Nadu 625020, India",4437
"Kanniyāmpatti, Salem, Tamil Nadu, India","Poonjuthi, Poonjuthi,, Tamil Nadu",8726
"Kanniyāmpatti, Salem, Tamil Nadu, India","Thiruvathavur, Tamil Nadu",8726
"Kanniyāmpatti, Salem, Tamil Nadu, India","Uranganpatti, Tamil Nadu",14948
"Kanniyāmpatti, Salem, Tamil Nadu, India","Idayapatti, Tamil Nadu",10553
"Kanniyāmpatti, Salem, Tamil Nadu, India","Pudhu Thamaraipatti, Tamil Nadu 625107",14558
"Kanniyāmpatti, Salem, Tamil Nadu, India","Karuppayurani, Tamil Nadu 625020",14536
"Kanniyāmpatti, Salem, Tamil Nadu, India","Urseri, Tamil Nadu",13303
"Kanniyāmpatti, Salem, Tamil Nadu, India","Palamedu, Tamil Nadu0 625503",13381
"Kanniyāmpatti, Salem, Tamil Nadu, India","Senthamangalam, Tamil Nadu 625503",5031
"Kanniyāmpatti, Salem, Tamil Nadu, India","Paraipatti, Tamil Nadu 625503",13645
"Kanniyāmpatti, Salem, Tamil Nadu, India","Vellaiyampatti, Tamil Nadu 625503",13676
"Kanniyāmpatti, Salem, Tamil Nadu, India","Manickampatty, Tamil Nadu 625503",13381
"Kanniyāmpatti, Salem, Tamil Nadu, India","Muduvarpatti, Tamil Nadu 625503",13945
"Kanniyāmpatti, Salem, Tamil Nadu, India","Periya Urseri, Tamil Nadu 625501",13303
"Kanniyāmpatti, Salem, Tamil Nadu, India","15B Mettupatti, Tamil Nadu 625501",10465
"Kanniyāmpatti, Salem, Tamil Nadu, India","Velichanatham, V.Meenakshipuram, Tamil Nadu",20299
"Kanniyāmpatti, Salem, Tamil Nadu, India","Vallavan Colony Bus Stop, Tamil Nadu",8726
"Kanniyāmpatti, Salem, Tamil Nadu, India","P.Okkupatty, Tamil Nadu",8726
"Kanniyāmpatti, Salem, Tamil Nadu, India","Ambalakaranpatti, Tamil Nadu 625106",14883
"Kanniyāmpatti, Salem, Tamil Nadu, India","Kattakalaipatty, Tamil Nadu 625109",15893
"Kanniyāmpatti, Salem, Tamil Nadu, India","Muruganpatty, Tamil Nadu 625109",15893
"Kanniyāmpatti, Salem, Tamil Nadu, India","Kottanathampatty, Tamil Nadu",8726
"Kanniyāmpatti, Salem, Tamil Nadu, India","Melavalasai, Tamil Nadu 625109",15893
"Kanniyāmpatti, Salem, Tamil Nadu, India","Kuppachipatti, Tamil Nadu 625109",15893
"Kanniyāmpatti, Salem, Tamil Nadu, India","Kattanipatti, Tamil Nadu",15822
"Kanniyāmpatti, Salem, Tamil Nadu, India","Alagichipatti, Tamil Nadu 625109",15893
"Kanniyāmpatti, Salem, Tamil Nadu, India","Ucharichanpatti, Tamil Nadu 625109",15893
"Kanniyāmpatti, Salem, Tamil Nadu, India","Kottanathampatti Post Office, Kottanathampatty, Tamil Nadu 625109",15893
"Kanniyāmpatti, Salem, Tamil Nadu, India","Vannanparaipatti, Tamil Nadu",15004
"Kanniyāmpatti, Salem, Tamil Nadu, India","Pathinettangudi, Tamil Nadu 625106",14665
"Kanniyāmpatti, Salem, Tamil Nadu, India","Manickampatty, Tamil Nadu 625503",13381
"Kanniyāmpatti, Salem, Tamil Nadu, India","Chinnapatti, Tamil Nadu 625014",13724
"Kanniyāmpatti, Salem, Tamil Nadu, India","Periyapatti, Tamil Nadu 625014",13628
"Kanniyāmpatti, Salem, Tamil Nadu, India","Paraipatti, Tamil Nadu 625301",14661
"Kanniyāmpatti, Salem, Tamil Nadu, India","Kodimangalam, Tamil Nadu 625301",14661
"Kanniyāmpatti, Salem, Tamil Nadu, India","Tiruppalai, Madurai, Tamil Nadu",14198
"Kanniyāmpatti, Salem, Tamil Nadu, India","Keelavalavu, Tamil Nadu",14882
"Kanniyāmpatti, Salem, Tamil Nadu, India","Vatakkuvalayapatti, Tamil Nadu",8726
"Kanniyāmpatti, Salem, Tamil Nadu, India","Sarugu Valayapatti, Tamil Nadu 625109",15893
"Kanniyāmpatti, Salem, Tamil Nadu, India","Uranganpatti, Tamil Nadu 625109",15559
"Kanniyāmpatti, Salem, Tamil Nadu, India","Vellalore, Tamil Nadu 625109",8968
"Kanniyāmpatti, Salem, Tamil Nadu, India","Melavalasai, Tamil Nadu 625109",15893
"Kanniyāmpatti, Salem, Tamil Nadu, India","Thanaiyamangalam, Tamil Nadu 625109",15113
"Kanniyāmpatti, Salem, Tamil Nadu, India","Muthusamypatti, Kayampatti, Tamil Nadu 625108",14274
"Kanniyāmpatti, Salem, Tamil Nadu, India","Kongampatti, Tamil Nadu",15194
"Kanniyāmpatti, Salem, Tamil Nadu, India","Kallampottai, Tamil Nadu 625106",14665
"Kanniyāmpatti, Salem, Tamil Nadu, India","Kottanathampatty, Tamil Nadu 625109",15893
"Kanniyāmpatti, Salem, Tamil Nadu, India","Vadakkampatti, Tamil Nadu 625514",13785
"Kanniyāmpatti, Salem, Tamil Nadu, India","Poochampatty Karuppusamy Temple, Tamil Nadu 625514",9560
"Kanniyāmpatti, Salem, Tamil Nadu, India","Chettikulam, Tamil Nadu 625514",23523
"Kanniyāmpatti, Salem, Tamil Nadu, India","Arittapatti, Tamil Nadu 625106",14951
"Kanniyāmpatti, Salem, Tamil Nadu, India",Surakkundu,14919
"Kanniyāmpatti, Salem, Tamil Nadu, India",Vikkiramangalam R.F,13897
"Kanniyāmpatti, Salem, Tamil Nadu, India","Sathamangalam, Madurai, Tamil Nadu",14245
"Kanniyāmpatti, Salem, Tamil Nadu, India","Manappatti Vinayagar Temple, Purandippatti, Tamil Nadu 625105",24313
"Kanniyāmpatti, Salem, Tamil Nadu, India","Sakkiliyankulam, Tamil Nadu 625537",13668
"Kanniyāmpatti, Salem, Tamil Nadu, India","Sakkarapatti, Tamil Nadu",8726
"Kanniyāmpatti, Salem, Tamil Nadu, India","Karumathur, Tamil Nadu 625514",13787
"Kanniyāmpatti, Salem, Tamil Nadu, India","Panchayat Union Elementary School Keelamattaiyan, India, Melakkal, Tamil Nadu",8726
"Kanniyāmpatti, Salem, Tamil Nadu, India","Mullippallam, Tamil Nadu 625207",12596
"Kanniyāmpatti, Salem, Tamil Nadu, India","Nachikulam, Tamil Nadu 625205",11869
"Kanniyāmpatti, Salem, Tamil Nadu, India","Pandiarajapuram-Pallaptti-Road, Pandiarajapuram, Tamil Nadu 624201, India",3074
"Kanniyāmpatti, Salem, Tamil Nadu, India","Kulasekarankottai, Tamil Nadu 625218",11573
"Kanniyāmpatti, Salem, Tamil Nadu, India","Katchaikatti, Tamil Nadu 625218",12019
"Kanniyāmpatti, Salem, Tamil Nadu, India","T. Andipatti, Tamil Nadu",11838
"Kanniyāmpatti, Salem, Tamil Nadu, India","Nedungulam, Tamil Nadu",17305
"Kanniyāmpatti, Salem, Tamil Nadu, India","Thenur, Tamil Nadu 625402",12888
"Kanniyāmpatti, Salem, Tamil Nadu, India","T. Mettupatti, Tamil Nadu 625501",10465
"Kanniyāmpatti, Salem, Tamil Nadu, India","Chockalingapuram, Tamil Nadu 625218",12019
"Kanniyāmpatti, Salem, Tamil Nadu, India","Idayapatti Govt School, Kovilpatti, Tamil Nadu 625501",13143
"Kanniyāmpatti, Salem, Tamil Nadu, India","Azhagapuri - Meenakshipuram Rd, Tamil Nadu 625501",20389
"Kanniyāmpatti, Salem, Tamil Nadu, India","Vittankulam, Tamil Nadu 625501",12629
"Kanniyāmpatti, Salem, Tamil Nadu, India","Alanganallur, Tamil Nadu 625501",13100
"Kanniyāmpatti, Salem, Tamil Nadu, India","Pottulupatti, Tamil Nadu 625514",14407
"Kanniyāmpatti, Salem, Tamil Nadu, India","Moonaandipatty, Tamil Nadu 625514",13785
"Kanniyāmpatti, Salem, Tamil Nadu, India","Meenachipatti, Tamil Nadu 625514",13785
"Kanniyāmpatti, Salem, Tamil Nadu, India","Sokkalingapuram Road, Sokkalingapuram, Tamil Nadu 625512, India",18044
"Kanniyāmpatti, Salem, Tamil Nadu, India","Periya Ilandhai Kulam, Tamil Nadu 625221",12535
"Kanniyāmpatti, Salem, Tamil Nadu, India","Chittalai, Tamil Nadu 625706",14572
"Kanniyāmpatti, Salem, Tamil Nadu, India","Keela Urappanur, Tamil Nadu 625706",14037
"Kanniyāmpatti, Salem, Tamil Nadu, India","Josyar Alangulam, Tamil Nadu 625706",14179
"Kanniyāmpatti, Salem, Tamil Nadu, India","Maravankulam, Tamil Nadu",13667
"A.Pudupatti, Pottulupatti, Tamil Nadu 625529","Kattakaruppanpatti, Usilampatti, Tamil Nadu, India",1635
"A.Pudupatti, Pottulupatti, Tamil Nadu 625529","Uchapatti, Tirumangalam, Tamil Nadu, India",2089
"A.Pudupatti, Pottulupatti, Tamil Nadu 625529","Ariyapatti, Usilampatti, Tamil Nadu, India",1403
"A.Pudupatti, Pottulupatti, Tamil Nadu 625529","Sikkampatti, Papireddipatti, Dharmapuri, Tamil Nadu, India",17454
"A.Pudupatti, Pottulupatti, Tamil Nadu 625529","Kuppanampatti, Tamil Nadu",11869
"A.Pudupatti, Pottulupatti, Tamil Nadu 625529","Valandur, Tamil Nadu",1568
"A.Pudupatti, Pottulupatti, Tamil Nadu 625529","Chellampatty, Tamil Nadu",11869
"A.Pudupatti, Pottulupatti, Tamil Nadu 625529","Kannanur, Tamil Nadu 625514",2059
"A.Pudupatti, Pottulupatti, Tamil Nadu 625529","Checkanurani, Tamil Nadu 625514",2188
"A.Pudupatti, Pottulupatti, Tamil Nadu 625529","Vadapalanji, Tamil Nadu",2603
"A.Pudupatti, Pottulupatti, Tamil Nadu 625529","Nagamalai Puthukottai, Tamil Nadu 625019",2568
"A.Pudupatti, Pottulupatti, Tamil Nadu 625529","Kallandhiri, Tamil Nadu 625301",4635
"A.Pudupatti, Pottulupatti, Tamil Nadu 625529","Mathur, Tamil Nadu 625301",4771
"A.Pudupatti, Pottulupatti, Tamil Nadu 625529","Arumbanur, Tamil Nadu 625104",4046
"A.Pudupatti, Pottulupatti, Tamil Nadu 625529","Pudupatti, Tamil Nadu 625107",4230
"A.Pudupatti, Pottulupatti, Tamil Nadu 625529","Otthakadai, Tamil Nadu 625107",3734
"A.Pudupatti, Pottulupatti, Tamil Nadu 625529","Uthangudi, Tamil Nadu",3677
"A.Pudupatti, Pottulupatti, Tamil Nadu 625529","Sukkampatti, Tamil Nadu 625101",5565
"A.Pudupatti, Pottulupatti, Tamil Nadu 625529","Vanjipatti, Tamil Nadu 625101",5565
"A.Pudupatti, Pottulupatti, Tamil Nadu 625529","Vanjinagaram, Tamil Nadu 625101",5239
"A.Pudupatti, Pottulupatti, Tamil Nadu 625529","Kachirayanpatti, Tamil Nadu 625105",4979
"A.Pudupatti, Pottulupatti, Tamil Nadu 625529","Kottampatty, Tamil Nadu 625103",5593
"A.Pudupatti, Pottulupatti, Tamil Nadu 625529","Attappatti, Tamil Nadu 625108",5261
"A.Pudupatti, Pottulupatti, Tamil Nadu 625529","Thumbaipatti, Tamil Nadu",4935
"A.Pudupatti, Pottulupatti, Tamil Nadu 625529","Soorakkundu, Tamil Nadu 625106",4695
"A.Pudupatti, Pottulupatti, Tamil Nadu 625529","Pungankulam, Tamil Nadu 625706",1444
"A.Pudupatti, Pottulupatti, Tamil Nadu 625529","Urappanur, Tamil Nadu",1818
"A.Pudupatti, Pottulupatti, Tamil Nadu 625529","Mela Urapanur, Tamil Nadu 625706",2566
"A.Pudupatti, Pottulupatti, Tamil Nadu 625529","Kannan Temple, MDR954, Urappanur, Tamil Nadu 625706",1818
"A.Pudupatti, Pottulupatti, Tamil Nadu 625529","Karadikal, Tamil Nadu",20055
"A.Pudupatti, Pottulupatti, Tamil Nadu 625529","Govt Kallar Ele. School Sorikkampatti, Sorikkampatti,, Tamil Nadu",11869
"A.Pudupatti, Pottulupatti, Tamil Nadu 625529","K.Pudupatti, Madurai, Tamil Nadu",2187
"A.Pudupatti, Pottulupatti, Tamil Nadu 625529","Thenpalanji, Tamil Nadu 625021",2435
"A.Pudupatti, Pottulupatti, Tamil Nadu 625529","Panchayat Union Elementry School Vedar Puliyankulam, Veder Puliangulam, Tamil Nadu 625006",2166
"A.Pudupatti, Pottulupatti, Tamil Nadu 625529","Ambattaiyanpatti, Tamil Nadu 625529",Error
"A.Pudupatti, Pottulupatti, Tamil Nadu 625529","Poruppu Mettupatti, Tamil Nadu 625529",5479
"A.Pudupatti, Pottulupatti, Tamil Nadu 625529","P. Vagaikulam, Tamil Nadu",3970
"A.Pudupatti, Pottulupatti, Tamil Nadu 625529","C.Vagaikulam, Tamil Nadu",3970
"A.Pudupatti, Pottulupatti, Tamil Nadu 625529","Alagusirai, Tamil Nadu 625706",1281
"A.Pudupatti, Pottulupatti, Tamil Nadu 625529","Karadipatti, Tamil Nadu",2978
"A.Pudupatti, Pottulupatti, Tamil Nadu 625529","Karumathur, Tamil Nadu 625514",1573
"A.Pudupatti, Pottulupatti, Tamil Nadu 625529","Poosaaripatty, Tamil Nadu 625514",1971
"A.Pudupatti, Pottulupatti, Tamil Nadu 625529","Poochampatti, Tamil Nadu 625218",3766
"A.Pudupatti, Pottulupatti, Tamil Nadu 625529","Ramarajapuram, Tamil Nadu 624219",4277
"A.Pudupatti, Pottulupatti, Tamil Nadu 625529","Thethoor, Tamil Nadu",11869
"A.Pudupatti, Pottulupatti, Tamil Nadu 625529","Vaigasipatti, Tamil Nadu 625501",4302
"A.Pudupatti, Pottulupatti, Tamil Nadu 625529","Kalvelipatti, Tamil Nadu",3531
"A.Pudupatti, Pottulupatti, Tamil Nadu 625529","Alanganallur, Vadipatti, Madurai, Tamil Nadu, India",4084
"A.Pudupatti, Pottulupatti, Tamil Nadu 625529","Siruvalai, Madurai, Tamil Nadu",3677
"A.Pudupatti, Pottulupatti, Tamil Nadu 625529","Oththavidu, Tamil Nadu 625501",4084
"A.Pudupatti, Pottulupatti, Tamil Nadu 625529","Kallanai, Tamil Nadu 625501",4139
"A.Pudupatti, Pottulupatti, Tamil Nadu 625529","Sivarakottai, Tamil Nadu",1961
"A.Pudupatti, Pottulupatti, Tamil Nadu 625529","Maruthangudi, Tamil Nadu 625701",3046
"A.Pudupatti, Pottulupatti, Tamil Nadu 625529","Mochikulam, Tamil Nadu",11869
"A.Pudupatti, Pottulupatti, Tamil Nadu 625529","Thirumal, Paraikulam, Tamil Nadu 625706",2566
"A.Pudupatti, Pottulupatti, Tamil Nadu 625529","Paraikulam, Tamil Nadu 625706",2566
"A.Pudupatti, Pottulupatti, Tamil Nadu 625529","Veeraperumalpuram, Tamil Nadu 625706",2566
"A.Pudupatti, Pottulupatti, Tamil Nadu 625529","Thoombakulam, Tamil Nadu 625706",2566
"A.Pudupatti, Pottulupatti, Tamil Nadu 625529","Kallanai, Tamil Nadu 625706",2566
"A.Pudupatti, Pottulupatti, Tamil Nadu 625529","Sathangudi, Tamil Nadu 625706",1115
"A.Pudupatti, Pottulupatti, Tamil Nadu 625529","Kangayanatham, Tamil Nadu 625706",2566
"A.Pudupatti, Pottulupatti, Tamil Nadu 625529","Pannikundu, Tamil Nadu 625706",841
"A.Pudupatti, Pottulupatti, Tamil Nadu 625529","Thangalacheri, Tamil Nadu 625706",2566
"A.Pudupatti, Pottulupatti, Tamil Nadu 625529","Sedapatti, Tamil Nadu 625527",1009
"A.Pudupatti, Pottulupatti, Tamil Nadu 625529","Kunnathur, Tamil Nadu 625708",1939
"A.Pudupatti, Pottulupatti, Tamil Nadu 625529","Kilavaneri, Tamil Nadu 625706",2566
"A.Pudupatti, Pottulupatti, Tamil Nadu 625529","Tirali, Tamil Nadu 625706",1486
"A.Pudupatti, Pottulupatti, Tamil Nadu 625529","Tirumangalam, Tamil Nadu 625706",2566
"A.Pudupatti, Pottulupatti, Tamil Nadu 625529","Kappalur, Madurai, Tamil Nadu",1951
"A.Pudupatti, Pottulupatti, Tamil Nadu 625529","Thoppur, Tamil Nadu 625008",15452
"A.Pudupatti, Pottulupatti, Tamil Nadu 625529","Thiruparankundram, Tamil Nadu",2446
"A.Pudupatti, Pottulupatti, Tamil Nadu 625529","Pykara, Madurai, Tamil Nadu 625004",2924
"A.Pudupatti, Pottulupatti, Tamil Nadu 625529","Ulagani, Tamil Nadu 625706",2566
"A.Pudupatti, Pottulupatti, Tamil Nadu 625529","Melaupplikundu, Tamil Nadu",11869
"A.Pudupatti, Pottulupatti, Tamil Nadu 625529","Periya Koodakoil, Tamil Nadu",2879
"A.Pudupatti, Pottulupatti, Tamil Nadu 625529","Solankuruni, Tamil Nadu 625022",2589
"A.Pudupatti, Pottulupatti, Tamil Nadu 625529","Nallur, Tamil Nadu 625022",2931
"A.Pudupatti, Pottulupatti, Tamil Nadu 625529","Kusavakundu, Tamil Nadu 625022",2746
"A.Pudupatti, Pottulupatti, Tamil Nadu 625529","Perungudi, madurai",2322
"A.Pudupatti, Pottulupatti, Tamil Nadu 625529","Chinthamani, Tamil Nadu",26534
"A.Pudupatti, Pottulupatti, Tamil Nadu 625529","A.Andipatti, Tamil Nadu 625537",2876
"A.Pudupatti, Pottulupatti, Tamil Nadu 625529","Ayyanarkulam, Tamil Nadu 625537",2370
"A.Pudupatti, Pottulupatti, Tamil Nadu 625529","Kodikulam, Tamil Nadu 625514",1971
"A.Pudupatti, Pottulupatti, Tamil Nadu 625529","Kovilangulam, Tamil Nadu 625514",3951
"A.Pudupatti, Pottulupatti, Tamil Nadu 625529","Mayakurumbanpatti.Kaliyaman.Temple, Madurai, Tamil Nadu 625514",1971
"A.Pudupatti, Pottulupatti, Tamil Nadu 625529","Chettikulam, Tamil Nadu 625514",11479
"A.Pudupatti, Pottulupatti, Tamil Nadu 625529","Kokkulam, Tamil Nadu",5142
"A.Pudupatti, Pottulupatti, Tamil Nadu 625529","Checkanurani, Tamil Nadu 625514",2188
"A.Pudupatti, Pottulupatti, Tamil Nadu 625529","Panchayat Union Elementary School, Mahalingapuram, Usilampatti, Tamil Nadu, Mahalingampuram Pudur, Tamil Nadu 625537",1568
"A.Pudupatti, Pottulupatti, Tamil Nadu 625529","Kalluthu, Tamil Nadu 625537",2956
"A.Pudupatti, Pottulupatti, Tamil Nadu 625529","K.Perumalpatti Amman Kovil, post, Kalluthu, Tamil Nadu 625537",Error
"A.Pudupatti, Pottulupatti, Tamil Nadu 625529","Saththa Kovil Melaperumalpatti, Mannadimangalam R.F., Tamil Nadu 625207",3454
"A.Pudupatti, Pottulupatti, Tamil Nadu 625529","Vikkiramangalam, Tamil Nadu 625207",2655
"A.Pudupatti, Pottulupatti, Tamil Nadu 625529","Panniyan, Tamil Nadu",11869
"A.Pudupatti, Pottulupatti, Tamil Nadu 625529","Melakkal, Tamil Nadu 625234",2593
"A.Pudupatti, Pottulupatti, Tamil Nadu 625529","Perumalkovilpatti, Tamil Nadu 625532",1270
"A.Pudupatti, Pottulupatti, Tamil Nadu 625529","Allikundam, Tahsil-Usilampatti, Madurai, Tamil Nadu 625527",693
"A.Pudupatti, Pottulupatti, Tamil Nadu 625529","Manuthu, Tamil Nadu 625527",1026
"A.Pudupatti, Pottulupatti, Tamil Nadu 625529","Rasakkapatti, Tamil Nadu 625527",1026
"A.Pudupatti, Pottulupatti, Tamil Nadu 625529","Rengasamipatty Bus Stop, Eramarpatti, Tamil Nadu 625527",1026
"A.Pudupatti, Pottulupatti, Tamil Nadu 625529","Palarpatti, Tamil Nadu 625527",1026
"A.Pudupatti, Pottulupatti, Tamil Nadu 625529","Usilampatti, Tamil Nadu 625532",1270
"A.Pudupatti, Pottulupatti, Tamil Nadu 625529","Unnamed Road, Varichiyur, Tamil Nadu 625020, India",13125
"A.Pudupatti, Pottulupatti, Tamil Nadu 625529","Poonjuthi, Poonjuthi,, Tamil Nadu",11869
"A.Pudupatti, Pottulupatti, Tamil Nadu 625529","Thiruvathavur, Tamil Nadu",11869
"A.Pudupatti, Pottulupatti, Tamil Nadu 625529","Uranganpatti, Tamil Nadu",3916
"A.Pudupatti, Pottulupatti, Tamil Nadu 625529","Idayapatti, Tamil Nadu",5830
"A.Pudupatti, Pottulupatti, Tamil Nadu 625529","Pudhu Thamaraipatti, Tamil Nadu 625107",3734
"A.Pudupatti, Pottulupatti, Tamil Nadu 625529","Karuppayurani, Tamil Nadu 625020",3504
"A.Pudupatti, Pottulupatti, Tamil Nadu 625529","Urseri, Tamil Nadu",4288
"A.Pudupatti, Pottulupatti, Tamil Nadu 625529","Palamedu, Tamil Nadu0 625503",4736
"A.Pudupatti, Pottulupatti, Tamil Nadu 625529","Senthamangalam, Tamil Nadu 625503",11882
"A.Pudupatti, Pottulupatti, Tamil Nadu 625529","Paraipatti, Tamil Nadu 625503",5326
"A.Pudupatti, Pottulupatti, Tamil Nadu 625529","Vellaiyampatti, Tamil Nadu 625503",5197
"A.Pudupatti, Pottulupatti, Tamil Nadu 625529","Manickampatty, Tamil Nadu 625503",4736
"A.Pudupatti, Pottulupatti, Tamil Nadu 625529","Muduvarpatti, Tamil Nadu 625503",4759
"A.Pudupatti, Pottulupatti, Tamil Nadu 625529","Periya Urseri, Tamil Nadu 625501",4288
"A.Pudupatti, Pottulupatti, Tamil Nadu 625529","15B Mettupatti, Tamil Nadu 625501",5479
"A.Pudupatti, Pottulupatti, Tamil Nadu 625529","Velichanatham, V.Meenakshipuram, Tamil Nadu",8255
"A.Pudupatti, Pottulupatti, Tamil Nadu 625529","Vallavan Colony Bus Stop, Tamil Nadu",11869
"A.Pudupatti, Pottulupatti, Tamil Nadu 625529","P.Okkupatty, Tamil Nadu",11869
"A.Pudupatti, Pottulupatti, Tamil Nadu 625529","Ambalakaranpatti, Tamil Nadu 625106",3654
"A.Pudupatti, Pottulupatti, Tamil Nadu 625529","Kattakalaipatty, Tamil Nadu 625109",5756
"A.Pudupatti, Pottulupatti, Tamil Nadu 625529","Muruganpatty, Tamil Nadu 625109",5756
"A.Pudupatti, Pottulupatti, Tamil Nadu 625529","Kottanathampatty, Tamil Nadu",11869
"A.Pudupatti, Pottulupatti, Tamil Nadu 625529","Melavalasai, Tamil Nadu 625109",5756
"A.Pudupatti, Pottulupatti, Tamil Nadu 625529","Kuppachipatti, Tamil Nadu 625109",5756
"A.Pudupatti, Pottulupatti, Tamil Nadu 625529","Kattanipatti, Tamil Nadu",6170
"A.Pudupatti, Pottulupatti, Tamil Nadu 625529","Alagichipatti, Tamil Nadu 625109",5756
"A.Pudupatti, Pottulupatti, Tamil Nadu 625529","Ucharichanpatti, Tamil Nadu 625109",5756
"A.Pudupatti, Pottulupatti, Tamil Nadu 625529","Kottanathampatti Post Office, Kottanathampatty, Tamil Nadu 625109",5756
"A.Pudupatti, Pottulupatti, Tamil Nadu 625529","Vannanparaipatti, Tamil Nadu",4868
"A.Pudupatti, Pottulupatti, Tamil Nadu 625529","Pathinettangudi, Tamil Nadu 625106",4695
"A.Pudupatti, Pottulupatti, Tamil Nadu 625529","Manickampatty, Tamil Nadu 625503",4736
"A.Pudupatti, Pottulupatti, Tamil Nadu 625529","Chinnapatti, Tamil Nadu 625014",4650
"A.Pudupatti, Pottulupatti, Tamil Nadu 625529","Periyapatti, Tamil Nadu 625014",4551
"A.Pudupatti, Pottulupatti, Tamil Nadu 625529","Paraipatti, Tamil Nadu 625301",4942
"A.Pudupatti, Pottulupatti, Tamil Nadu 625529","Kodimangalam, Tamil Nadu 625301",4942
"A.Pudupatti, Pottulupatti, Tamil Nadu 625529","Tiruppalai, Madurai, Tamil Nadu",4673
"A.Pudupatti, Pottulupatti, Tamil Nadu 625529","Keelavalavu, Tamil Nadu",5177
"A.Pudupatti, Pottulupatti, Tamil Nadu 625529","Vatakkuvalayapatti, Tamil Nadu",11869
"A.Pudupatti, Pottulupatti, Tamil Nadu 625529","Sarugu Valayapatti, Tamil Nadu 625109",5756
"A.Pudupatti, Pottulupatti, Tamil Nadu 625529","Uranganpatti, Tamil Nadu 625109",5422
"A.Pudupatti, Pottulupatti, Tamil Nadu 625529","Vellalore, Tamil Nadu 625109",14419
"A.Pudupatti, Pottulupatti, Tamil Nadu 625529","Melavalasai, Tamil Nadu 625109",5756
"A.Pudupatti, Pottulupatti, Tamil Nadu 625529","Thanaiyamangalam, Tamil Nadu 625109",5271
"A.Pudupatti, Pottulupatti, Tamil Nadu 625529","Muthusamypatti, Kayampatti, Tamil Nadu 625108",4904
"A.Pudupatti, Pottulupatti, Tamil Nadu 625529","Kongampatti, Tamil Nadu",5541
"A.Pudupatti, Pottulupatti, Tamil Nadu 625529","Kallampottai, Tamil Nadu 625106",4695
"A.Pudupatti, Pottulupatti, Tamil Nadu 625529","Kottanathampatty, Tamil Nadu 625109",5756
"A.Pudupatti, Pottulupatti, Tamil Nadu 625529","Vadakkampatti, Tamil Nadu 625514",1971
"A.Pudupatti, Pottulupatti, Tamil Nadu 625529","Poochampatty Karuppusamy Temple, Tamil Nadu 625514",15305
"A.Pudupatti, Pottulupatti, Tamil Nadu 625529","Chettikulam, Tamil Nadu 625514",11479
"A.Pudupatti, Pottulupatti, Tamil Nadu 625529","Arittapatti, Tamil Nadu 625106",4466
"A.Pudupatti, Pottulupatti, Tamil Nadu 625529",Surakkundu,4430
"A.Pudupatti, Pottulupatti, Tamil Nadu 625529",Vikkiramangalam R.F,3198
"A.Pudupatti, Pottulupatti, Tamil Nadu 625529","Sathamangalam, Madurai, Tamil Nadu",3484
"A.Pudupatti, Pottulupatti, Tamil Nadu 625529","Manappatti Vinayagar Temple, Purandippatti, Tamil Nadu 625105",12269
"A.Pudupatti, Pottulupatti, Tamil Nadu 625529","Sakkiliyankulam, Tamil Nadu 625537",2370
"A.Pudupatti, Pottulupatti, Tamil Nadu 625529","Sakkarapatti, Tamil Nadu",11869
"A.Pudupatti, Pottulupatti, Tamil Nadu 625529","Karumathur, Tamil Nadu 625514",1573
"A.Pudupatti, Pottulupatti, Tamil Nadu 625529","Panchayat Union Elementary School Keelamattaiyan, India, Melakkal, Tamil Nadu",11869
"A.Pudupatti, Pottulupatti, Tamil Nadu 625529","Mullippallam, Tamil Nadu 625207",3178
"A.Pudupatti, Pottulupatti, Tamil Nadu 625529","Nachikulam, Tamil Nadu 625205",3663
"A.Pudupatti, Pottulupatti, Tamil Nadu 625529","Pandiarajapuram-Pallaptti-Road, Pandiarajapuram, Tamil Nadu 624201, India",13652
"A.Pudupatti, Pottulupatti, Tamil Nadu 625529","Kulasekarankottai, Tamil Nadu 625218",3524
"A.Pudupatti, Pottulupatti, Tamil Nadu 625529","Katchaikatti, Tamil Nadu 625218",3766
"A.Pudupatti, Pottulupatti, Tamil Nadu 625529","T. Andipatti, Tamil Nadu",3341
"A.Pudupatti, Pottulupatti, Tamil Nadu 625529","Nedungulam, Tamil Nadu",5818
"A.Pudupatti, Pottulupatti, Tamil Nadu 625529","Thenur, Tamil Nadu 625402",2739
"A.Pudupatti, Pottulupatti, Tamil Nadu 625529","T. Mettupatti, Tamil Nadu 625501",5479
"A.Pudupatti, Pottulupatti, Tamil Nadu 625529","Chockalingapuram, Tamil Nadu 625218",3766
"A.Pudupatti, Pottulupatti, Tamil Nadu 625529","Idayapatti Govt School, Kovilpatti, Tamil Nadu 625501",4128
"A.Pudupatti, Pottulupatti, Tamil Nadu 625529","Azhagapuri - Meenakshipuram Rd, Tamil Nadu 625501",8345
"A.Pudupatti, Pottulupatti, Tamil Nadu 625529","Vittankulam, Tamil Nadu 625501",3460
"A.Pudupatti, Pottulupatti, Tamil Nadu 625529","Alanganallur, Tamil Nadu 625501",4084
"A.Pudupatti, Pottulupatti, Tamil Nadu 625529","Pottulupatti, Tamil Nadu 625514",1367
"A.Pudupatti, Pottulupatti, Tamil Nadu 625529","Moonaandipatty, Tamil Nadu 625514",1971
"A.Pudupatti, Pottulupatti, Tamil Nadu 625529","Meenachipatti, Tamil Nadu 625514",1971
"A.Pudupatti, Pottulupatti, Tamil Nadu 625529","Sokkalingapuram Road, Sokkalingapuram, Tamil Nadu 625512, India",6557
"A.Pudupatti, Pottulupatti, Tamil Nadu 625529","Periya Ilandhai Kulam, Tamil Nadu 625221",4135
"A.Pudupatti, Pottulupatti, Tamil Nadu 625529","Chittalai, Tamil Nadu 625706",2566
"A.Pudupatti, Pottulupatti, Tamil Nadu 625529","Keela Urappanur, Tamil Nadu 625706",1818
"A.Pudupatti, Pottulupatti, Tamil Nadu 625529","Josyar Alangulam, Tamil Nadu 625706",1742
"A.Pudupatti, Pottulupatti, Tamil Nadu 625529","Maravankulam, Tamil Nadu",2000
"Kattakaruppanpatti, Usilampatti, Tamil Nadu, India","Uchapatti, Tirumangalam, Tamil Nadu, India",2240
"Kattakaruppanpatti, Usilampatti, Tamil Nadu, India","Ariyapatti, Usilampatti, Tamil Nadu, India",1124
"Kattakaruppanpatti, Usilampatti, Tamil Nadu, India","Sikkampatti, Papireddipatti, Dharmapuri, Tamil Nadu, India",16953
"Kattakaruppanpatti, Usilampatti, Tamil Nadu, India","Kuppanampatti, Tamil Nadu",11368
"Kattakaruppanpatti, Usilampatti, Tamil Nadu, India","Valandur, Tamil Nadu",513
"Kattakaruppanpatti, Usilampatti, Tamil Nadu, India","Chellampatty, Tamil Nadu",11368
"Kattakaruppanpatti, Usilampatti, Tamil Nadu, India","Kannanur, Tamil Nadu 625514",1169
"Kattakaruppanpatti, Usilampatti, Tamil Nadu, India","Checkanurani, Tamil Nadu 625514",1298
"Kattakaruppanpatti, Usilampatti, Tamil Nadu, India","Vadapalanji, Tamil Nadu",1714
"Kattakaruppanpatti, Usilampatti, Tamil Nadu, India","Nagamalai Puthukottai, Tamil Nadu 625019",1591
"Kattakaruppanpatti, Usilampatti, Tamil Nadu, India","Kallandhiri, Tamil Nadu 625301",4723
"Kattakaruppanpatti, Usilampatti, Tamil Nadu, India","Mathur, Tamil Nadu 625301",4680
"Kattakaruppanpatti, Usilampatti, Tamil Nadu, India","Arumbanur, Tamil Nadu 625104",4390
"Kattakaruppanpatti, Usilampatti, Tamil Nadu, India","Pudupatti, Tamil Nadu 625107",4287
"Kattakaruppanpatti, Usilampatti, Tamil Nadu, India","Otthakadai, Tamil Nadu 625107",4074
"Kattakaruppanpatti, Usilampatti, Tamil Nadu, India","Uthangudi, Tamil Nadu",3923
"Kattakaruppanpatti, Usilampatti, Tamil Nadu, India","Sukkampatti, Tamil Nadu 625101",5909
"Kattakaruppanpatti, Usilampatti, Tamil Nadu, India","Vanjipatti, Tamil Nadu 625101",5909
"Kattakaruppanpatti, Usilampatti, Tamil Nadu, India","Vanjinagaram, Tamil Nadu 625101",5582
"Kattakaruppanpatti, Usilampatti, Tamil Nadu, India","Kachirayanpatti, Tamil Nadu 625105",5323
"Kattakaruppanpatti, Usilampatti, Tamil Nadu, India","Kottampatty, Tamil Nadu 625103",5937
"Kattakaruppanpatti, Usilampatti, Tamil Nadu, India","Attappatti, Tamil Nadu 625108",5604
"Kattakaruppanpatti, Usilampatti, Tamil Nadu, India","Thumbaipatti, Tamil Nadu",5278
"Kattakaruppanpatti, Usilampatti, Tamil Nadu, India","Soorakkundu, Tamil Nadu 625106",5038
"Kattakaruppanpatti, Usilampatti, Tamil Nadu, India","Pungankulam, Tamil Nadu 625706",1601
"Kattakaruppanpatti, Usilampatti, Tamil Nadu, India","Urappanur, Tamil Nadu",2060
"Kattakaruppanpatti, Usilampatti, Tamil Nadu, India","Mela Urapanur, Tamil Nadu 625706",3318
"Kattakaruppanpatti, Usilampatti, Tamil Nadu, India","Kannan Temple, MDR954, Urappanur, Tamil Nadu 625706",2060
"Kattakaruppanpatti, Usilampatti, Tamil Nadu, India","Karadikal, Tamil Nadu",19753
"Kattakaruppanpatti, Usilampatti, Tamil Nadu, India","Govt Kallar Ele. School Sorikkampatti, Sorikkampatti,, Tamil Nadu",11368
"Kattakaruppanpatti, Usilampatti, Tamil Nadu, India","K.Pudupatti, Madurai, Tamil Nadu",1790
"Kattakaruppanpatti, Usilampatti, Tamil Nadu, India","Thenpalanji, Tamil Nadu 625021",1870
"Kattakaruppanpatti, Usilampatti, Tamil Nadu, India","Panchayat Union Elementry School Vedar Puliyankulam, Veder Puliangulam, Tamil Nadu 625006",2394
"Kattakaruppanpatti, Usilampatti, Tamil Nadu, India","Ambattaiyanpatti, Tamil Nadu 625529",1800
"Kattakaruppanpatti, Usilampatti, Tamil Nadu, India","Poruppu Mettupatti, Tamil Nadu 625529",4977
"Kattakaruppanpatti, Usilampatti, Tamil Nadu, India","P. Vagaikulam, Tamil Nadu",3378
"Kattakaruppanpatti, Usilampatti, Tamil Nadu, India","C.Vagaikulam, Tamil Nadu",3378
"Kattakaruppanpatti, Usilampatti, Tamil Nadu, India","Alagusirai, Tamil Nadu 625706",1303
"Kattakaruppanpatti, Usilampatti, Tamil Nadu, India","Karadipatti, Tamil Nadu",2000
"Kattakaruppanpatti, Usilampatti, Tamil Nadu, India","Karumathur, Tamil Nadu 625514",919
"Kattakaruppanpatti, Usilampatti, Tamil Nadu, India","Poosaaripatty, Tamil Nadu 625514",917
"Kattakaruppanpatti, Usilampatti, Tamil Nadu, India","Poochampatti, Tamil Nadu 625218",3256
"Kattakaruppanpatti, Usilampatti, Tamil Nadu, India","Ramarajapuram, Tamil Nadu 624219",3387
"Kattakaruppanpatti, Usilampatti, Tamil Nadu, India","Thethoor, Tamil Nadu",11368
"Kattakaruppanpatti, Usilampatti, Tamil Nadu, India","Vaigasipatti, Tamil Nadu 625501",3801
"Kattakaruppanpatti, Usilampatti, Tamil Nadu, India","Kalvelipatti, Tamil Nadu",3029
"Kattakaruppanpatti, Usilampatti, Tamil Nadu, India","Alanganallur, Vadipatti, Madurai, Tamil Nadu, India",3583
"Kattakaruppanpatti, Usilampatti, Tamil Nadu, India","Siruvalai, Madurai, Tamil Nadu",3171
"Kattakaruppanpatti, Usilampatti, Tamil Nadu, India","Oththavidu, Tamil Nadu 625501",3583
"Kattakaruppanpatti, Usilampatti, Tamil Nadu, India","Kallanai, Tamil Nadu 625501",3637
"Kattakaruppanpatti, Usilampatti, Tamil Nadu, India","Sivarakottai, Tamil Nadu",2712
"Kattakaruppanpatti, Usilampatti, Tamil Nadu, India","Maruthangudi, Tamil Nadu 625701",3798
"Kattakaruppanpatti, Usilampatti, Tamil Nadu, India","Mochikulam, Tamil Nadu",11368
"Kattakaruppanpatti, Usilampatti, Tamil Nadu, India","Thirumal, Paraikulam, Tamil Nadu 625706",3318
"Kattakaruppanpatti, Usilampatti, Tamil Nadu, India","Paraikulam, Tamil Nadu 625706",3318
"Kattakaruppanpatti, Usilampatti, Tamil Nadu, India","Veeraperumalpuram, Tamil Nadu 625706",3318
"Kattakaruppanpatti, Usilampatti, Tamil Nadu, India","Thoombakulam, Tamil Nadu 625706",3318
"Kattakaruppanpatti, Usilampatti, Tamil Nadu, India","Kallanai, Tamil Nadu 625706",3318
"Kattakaruppanpatti, Usilampatti, Tamil Nadu, India","Sathangudi, Tamil Nadu 625706",2034
"Kattakaruppanpatti, Usilampatti, Tamil Nadu, India","Kangayanatham, Tamil Nadu 625706",3318
"Kattakaruppanpatti, Usilampatti, Tamil Nadu, India","Pannikundu, Tamil Nadu 625706",1760
"Kattakaruppanpatti, Usilampatti, Tamil Nadu, India","Thangalacheri, Tamil Nadu 625706",3318
"Kattakaruppanpatti, Usilampatti, Tamil Nadu, India","Sedapatti, Tamil Nadu 625527",2199
"Kattakaruppanpatti, Usilampatti, Tamil Nadu, India","Kunnathur, Tamil Nadu 625708",3312
"Kattakaruppanpatti, Usilampatti, Tamil Nadu, India","Kilavaneri, Tamil Nadu 625706",3318
"Kattakaruppanpatti, Usilampatti, Tamil Nadu, India","Tirali, Tamil Nadu 625706",2655
"Kattakaruppanpatti, Usilampatti, Tamil Nadu, India","Tirumangalam, Tamil Nadu 625706",3318
"Kattakaruppanpatti, Usilampatti, Tamil Nadu, India","Kappalur, Madurai, Tamil Nadu",2460
"Kattakaruppanpatti, Usilampatti, Tamil Nadu, India","Thoppur, Tamil Nadu 625008",14951
"Kattakaruppanpatti, Usilampatti, Tamil Nadu, India","Thiruparankundram, Tamil Nadu",2674
"Kattakaruppanpatti, Usilampatti, Tamil Nadu, India","Pykara, Madurai, Tamil Nadu 625004",2973
"Kattakaruppanpatti, Usilampatti, Tamil Nadu, India","Ulagani, Tamil Nadu 625706",3318
"Kattakaruppanpatti, Usilampatti, Tamil Nadu, India","Melaupplikundu, Tamil Nadu",11368
"Kattakaruppanpatti, Usilampatti, Tamil Nadu, India","Periya Koodakoil, Tamil Nadu",3437
"Kattakaruppanpatti, Usilampatti, Tamil Nadu, India","Solankuruni, Tamil Nadu 625022",3146
"Kattakaruppanpatti, Usilampatti, Tamil Nadu, India","Nallur, Tamil Nadu 625022",3489
"Kattakaruppanpatti, Usilampatti, Tamil Nadu, India","Kusavakundu, Tamil Nadu 625022",3304
"Kattakaruppanpatti, Usilampatti, Tamil Nadu, India","Perungudi, madurai",2880
"Kattakaruppanpatti, Usilampatti, Tamil Nadu, India","Chinthamani, Tamil Nadu",26231
"Kattakaruppanpatti, Usilampatti, Tamil Nadu, India","A.Andipatti, Tamil Nadu 625537",2157
"Kattakaruppanpatti, Usilampatti, Tamil Nadu, India","Ayyanarkulam, Tamil Nadu 625537",1603
"Kattakaruppanpatti, Usilampatti, Tamil Nadu, India","Kodikulam, Tamil Nadu 625514",917
"Kattakaruppanpatti, Usilampatti, Tamil Nadu, India","Kovilangulam, Tamil Nadu 625514",4509
"Kattakaruppanpatti, Usilampatti, Tamil Nadu, India","Mayakurumbanpatti.Kaliyaman.Temple, Madurai, Tamil Nadu 625514",917
"Kattakaruppanpatti, Usilampatti, Tamil Nadu, India","Chettikulam, Tamil Nadu 625514",12231
"Kattakaruppanpatti, Usilampatti, Tamil Nadu, India","Kokkulam, Tamil Nadu",5699
"Kattakaruppanpatti, Usilampatti, Tamil Nadu, India","Checkanurani, Tamil Nadu 625514",1298
"Kattakaruppanpatti, Usilampatti, Tamil Nadu, India","Panchayat Union Elementary School, Mahalingapuram, Usilampatti, Tamil Nadu, Mahalingampuram Pudur, Tamil Nadu 625537",914
"Kattakaruppanpatti, Usilampatti, Tamil Nadu, India","Kalluthu, Tamil Nadu 625537",2189
"Kattakaruppanpatti, Usilampatti, Tamil Nadu, India","K.Perumalpatti Amman Kovil, post, Kalluthu, Tamil Nadu 625537",Error
"Kattakaruppanpatti, Usilampatti, Tamil Nadu, India","Saththa Kovil Melaperumalpatti, Mannadimangalam R.F., Tamil Nadu 625207",2113
"Kattakaruppanpatti, Usilampatti, Tamil Nadu, India","Vikkiramangalam, Tamil Nadu 625207",1304
"Kattakaruppanpatti, Usilampatti, Tamil Nadu, India","Panniyan, Tamil Nadu",11368
"Kattakaruppanpatti, Usilampatti, Tamil Nadu, India","Melakkal, Tamil Nadu 625234",1704
"Kattakaruppanpatti, Usilampatti, Tamil Nadu, India","Perumalkovilpatti, Tamil Nadu 625532",708
"Kattakaruppanpatti, Usilampatti, Tamil Nadu, India","Allikundam, Tahsil-Usilampatti, Madurai, Tamil Nadu 625527",1632
"Kattakaruppanpatti, Usilampatti, Tamil Nadu, India","Manuthu, Tamil Nadu 625527",2215
"Kattakaruppanpatti, Usilampatti, Tamil Nadu, India","Rasakkapatti, Tamil Nadu 625527",2215
"Kattakaruppanpatti, Usilampatti, Tamil Nadu, India","Rengasamipatty Bus Stop, Eramarpatti, Tamil Nadu 625527",2215
"Kattakaruppanpatti, Usilampatti, Tamil Nadu, India","Palarpatti, Tamil Nadu 625527",2215
"Kattakaruppanpatti, Usilampatti, Tamil Nadu, India","Usilampatti, Tamil Nadu 625532",708
"Kattakaruppanpatti, Usilampatti, Tamil Nadu, India","Unnamed Road, Varichiyur, Tamil Nadu 625020, India",12623
"Kattakaruppanpatti, Usilampatti, Tamil Nadu, India","Poonjuthi, Poonjuthi,, Tamil Nadu",11368
"Kattakaruppanpatti, Usilampatti, Tamil Nadu, India","Thiruvathavur, Tamil Nadu",11368
"Kattakaruppanpatti, Usilampatti, Tamil Nadu, India","Uranganpatti, Tamil Nadu",4178
"Kattakaruppanpatti, Usilampatti, Tamil Nadu, India","Idayapatti, Tamil Nadu",5329
"Kattakaruppanpatti, Usilampatti, Tamil Nadu, India","Pudhu Thamaraipatti, Tamil Nadu 625107",4074
"Kattakaruppanpatti, Usilampatti, Tamil Nadu, India","Karuppayurani, Tamil Nadu 625020",3767
"Kattakaruppanpatti, Usilampatti, Tamil Nadu, India","Urseri, Tamil Nadu",3786
"Kattakaruppanpatti, Usilampatti, Tamil Nadu, India","Palamedu, Tamil Nadu0 625503",4235
"Kattakaruppanpatti, Usilampatti, Tamil Nadu, India","Senthamangalam, Tamil Nadu 625503",11380
"Kattakaruppanpatti, Usilampatti, Tamil Nadu, India","Paraipatti, Tamil Nadu 625503",4734
"Kattakaruppanpatti, Usilampatti, Tamil Nadu, India","Vellaiyampatti, Tamil Nadu 625503",4605
"Kattakaruppanpatti, Usilampatti, Tamil Nadu, India","Manickampatty, Tamil Nadu 625503",4235
"Kattakaruppanpatti, Usilampatti, Tamil Nadu, India","Muduvarpatti, Tamil Nadu 625503",4257
"Kattakaruppanpatti, Usilampatti, Tamil Nadu, India","Periya Urseri, Tamil Nadu 625501",3786
"Kattakaruppanpatti, Usilampatti, Tamil Nadu, India","15B Mettupatti, Tamil Nadu 625501",4977
"Kattakaruppanpatti, Usilampatti, Tamil Nadu, India","Velichanatham, V.Meenakshipuram, Tamil Nadu",9006
"Kattakaruppanpatti, Usilampatti, Tamil Nadu, India","Vallavan Colony Bus Stop, Tamil Nadu",11368
"Kattakaruppanpatti, Usilampatti, Tamil Nadu, India","P.Okkupatty, Tamil Nadu",11368
"Kattakaruppanpatti, Usilampatti, Tamil Nadu, India","Ambalakaranpatti, Tamil Nadu 625106",4113
"Kattakaruppanpatti, Usilampatti, Tamil Nadu, India","Kattakalaipatty, Tamil Nadu 625109",6100
"Kattakaruppanpatti, Usilampatti, Tamil Nadu, India","Muruganpatty, Tamil Nadu 625109",6100
"Kattakaruppanpatti, Usilampatti, Tamil Nadu, India","Kottanathampatty, Tamil Nadu",11368
"Kattakaruppanpatti, Usilampatti, Tamil Nadu, India","Melavalasai, Tamil Nadu 625109",6100
"Kattakaruppanpatti, Usilampatti, Tamil Nadu, India","Kuppachipatti, Tamil Nadu 625109",6100
"Kattakaruppanpatti, Usilampatti, Tamil Nadu, India","Kattanipatti, Tamil Nadu",6514
"Kattakaruppanpatti, Usilampatti, Tamil Nadu, India","Alagichipatti, Tamil Nadu 625109",6100
"Kattakaruppanpatti, Usilampatti, Tamil Nadu, India","Ucharichanpatti, Tamil Nadu 625109",6100
"Kattakaruppanpatti, Usilampatti, Tamil Nadu, India","Kottanathampatti Post Office, Kottanathampatty, Tamil Nadu 625109",6100
"Kattakaruppanpatti, Usilampatti, Tamil Nadu, India","Vannanparaipatti, Tamil Nadu",5212
"Kattakaruppanpatti, Usilampatti, Tamil Nadu, India","Pathinettangudi, Tamil Nadu 625106",5038
"Kattakaruppanpatti, Usilampatti, Tamil Nadu, India","Manickampatty, Tamil Nadu 625503",4235
"Kattakaruppanpatti, Usilampatti, Tamil Nadu, India","Chinnapatti, Tamil Nadu 625014",4058
"Kattakaruppanpatti, Usilampatti, Tamil Nadu, India","Periyapatti, Tamil Nadu 625014",3960
"Kattakaruppanpatti, Usilampatti, Tamil Nadu, India","Paraipatti, Tamil Nadu 625301",5314
"Kattakaruppanpatti, Usilampatti, Tamil Nadu, India","Kodimangalam, Tamil Nadu 625301",5314
"Kattakaruppanpatti, Usilampatti, Tamil Nadu, India","Tiruppalai, Madurai, Tamil Nadu",4081
"Kattakaruppanpatti, Usilampatti, Tamil Nadu, India","Keelavalavu, Tamil Nadu",5520
"Kattakaruppanpatti, Usilampatti, Tamil Nadu, India","Vatakkuvalayapatti, Tamil Nadu",11368
"Kattakaruppanpatti, Usilampatti, Tamil Nadu, India","Sarugu Valayapatti, Tamil Nadu 625109",6100
"Kattakaruppanpatti, Usilampatti, Tamil Nadu, India","Uranganpatti, Tamil Nadu 625109",5766
"Kattakaruppanpatti, Usilampatti, Tamil Nadu, India","Vellalore, Tamil Nadu 625109",13811
"Kattakaruppanpatti, Usilampatti, Tamil Nadu, India","Melavalasai, Tamil Nadu 625109",6100
"Kattakaruppanpatti, Usilampatti, Tamil Nadu, India","Thanaiyamangalam, Tamil Nadu 625109",5615
"Kattakaruppanpatti, Usilampatti, Tamil Nadu, India","Muthusamypatti, Kayampatti, Tamil Nadu 625108",5248
"Kattakaruppanpatti, Usilampatti, Tamil Nadu, India","Kongampatti, Tamil Nadu",5885
"Kattakaruppanpatti, Usilampatti, Tamil Nadu, India","Kallampottai, Tamil Nadu 625106",5038
"Kattakaruppanpatti, Usilampatti, Tamil Nadu, India","Kottanathampatty, Tamil Nadu 625109",6100
"Kattakaruppanpatti, Usilampatti, Tamil Nadu, India","Vadakkampatti, Tamil Nadu 625514",917
"Kattakaruppanpatti, Usilampatti, Tamil Nadu, India","Poochampatty Karuppusamy Temple, Tamil Nadu 625514",14697
"Kattakaruppanpatti, Usilampatti, Tamil Nadu, India","Chettikulam, Tamil Nadu 625514",12231
"Kattakaruppanpatti, Usilampatti, Tamil Nadu, India","Arittapatti, Tamil Nadu 625106",4809
"Kattakaruppanpatti, Usilampatti, Tamil Nadu, India",Surakkundu,4774
"Kattakaruppanpatti, Usilampatti, Tamil Nadu, India",Vikkiramangalam R.F,1750
"Kattakaruppanpatti, Usilampatti, Tamil Nadu, India","Sathamangalam, Madurai, Tamil Nadu",3357
"Kattakaruppanpatti, Usilampatti, Tamil Nadu, India","Manappatti Vinayagar Temple, Purandippatti, Tamil Nadu 625105",13021
"Kattakaruppanpatti, Usilampatti, Tamil Nadu, India","Sakkiliyankulam, Tamil Nadu 625537",1603
"Kattakaruppanpatti, Usilampatti, Tamil Nadu, India","Sakkarapatti, Tamil Nadu",11368
"Kattakaruppanpatti, Usilampatti, Tamil Nadu, India","Karumathur, Tamil Nadu 625514",919
"Kattakaruppanpatti, Usilampatti, Tamil Nadu, India","Panchayat Union Elementary School Keelamattaiyan, India, Melakkal, Tamil Nadu",11368
"Kattakaruppanpatti, Usilampatti, Tamil Nadu, India","Mullippallam, Tamil Nadu 625207",2124
"Kattakaruppanpatti, Usilampatti, Tamil Nadu, India","Nachikulam, Tamil Nadu 625205",2774
"Kattakaruppanpatti, Usilampatti, Tamil Nadu, India","Pandiarajapuram-Pallaptti-Road, Pandiarajapuram, Tamil Nadu 624201, India",13150
"Kattakaruppanpatti, Usilampatti, Tamil Nadu, India","Kulasekarankottai, Tamil Nadu 625218",3022
"Kattakaruppanpatti, Usilampatti, Tamil Nadu, India","Katchaikatti, Tamil Nadu 625218",3256
"Kattakaruppanpatti, Usilampatti, Tamil Nadu, India","T. Andipatti, Tamil Nadu",2840
"Kattakaruppanpatti, Usilampatti, Tamil Nadu, India","Nedungulam, Tamil Nadu",6375
"Kattakaruppanpatti, Usilampatti, Tamil Nadu, India","Thenur, Tamil Nadu 625402",1850
"Kattakaruppanpatti, Usilampatti, Tamil Nadu, India","T. Mettupatti, Tamil Nadu 625501",4977
"Kattakaruppanpatti, Usilampatti, Tamil Nadu, India","Chockalingapuram, Tamil Nadu 625218",3256
"Kattakaruppanpatti, Usilampatti, Tamil Nadu, India","Idayapatti Govt School, Kovilpatti, Tamil Nadu 625501",3626
"Kattakaruppanpatti, Usilampatti, Tamil Nadu, India","Azhagapuri - Meenakshipuram Rd, Tamil Nadu 625501",9097
"Kattakaruppanpatti, Usilampatti, Tamil Nadu, India","Vittankulam, Tamil Nadu 625501",2958
"Kattakaruppanpatti, Usilampatti, Tamil Nadu, India","Alanganallur, Tamil Nadu 625501",3583
"Kattakaruppanpatti, Usilampatti, Tamil Nadu, India","Pottulupatti, Tamil Nadu 625514",288
"Kattakaruppanpatti, Usilampatti, Tamil Nadu, India","Moonaandipatty, Tamil Nadu 625514",917
"Kattakaruppanpatti, Usilampatti, Tamil Nadu, India","Meenachipatti, Tamil Nadu 625514",917
"Kattakaruppanpatti, Usilampatti, Tamil Nadu, India","Sokkalingapuram Road, Sokkalingapuram, Tamil Nadu 625512, India",7115
"Kattakaruppanpatti, Usilampatti, Tamil Nadu, India","Periya Ilandhai Kulam, Tamil Nadu 625221",3634
"Kattakaruppanpatti, Usilampatti, Tamil Nadu, India","Chittalai, Tamil Nadu 625706",3318
"Kattakaruppanpatti, Usilampatti, Tamil Nadu, India","Keela Urappanur, Tamil Nadu 625706",2060
"Kattakaruppanpatti, Usilampatti, Tamil Nadu, India","Josyar Alangulam, Tamil Nadu 625706",1899
"Kattakaruppanpatti, Usilampatti, Tamil Nadu, India","Maravankulam, Tamil Nadu",2736
"Uchapatti, Tirumangalam, Tamil Nadu, India","Ariyapatti, Usilampatti, Tamil Nadu, India",2194
"Uchapatti, Tirumangalam, Tamil Nadu, India","Sikkampatti, Papireddipatti, Dharmapuri, Tamil Nadu, India",15823
"Uchapatti, Tirumangalam, Tamil Nadu, India","Kuppanampatti, Tamil Nadu",10238
"Uchapatti, Tirumangalam, Tamil Nadu, India","Valandur, Tamil Nadu",2457
"Uchapatti, Tirumangalam, Tamil Nadu, India","Chellampatty, Tamil Nadu",10238
"Uchapatti, Tirumangalam, Tamil Nadu, India","Kannanur, Tamil Nadu 625514",1700
"Uchapatti, Tirumangalam, Tamil Nadu, India","Checkanurani, Tamil Nadu 625514",1146
"Uchapatti, Tirumangalam, Tamil Nadu, India","Vadapalanji, Tamil Nadu",1108
"Uchapatti, Tirumangalam, Tamil Nadu, India","Nagamalai Puthukottai, Tamil Nadu 625019",937
"Uchapatti, Tirumangalam, Tamil Nadu, India","Kallandhiri, Tamil Nadu 625301",3233
"Uchapatti, Tirumangalam, Tamil Nadu, India","Mathur, Tamil Nadu 625301",3369
"Uchapatti, Tirumangalam, Tamil Nadu, India","Arumbanur, Tamil Nadu 625104",2645
"Uchapatti, Tirumangalam, Tamil Nadu, India","Pudupatti, Tamil Nadu 625107",2829
"Uchapatti, Tirumangalam, Tamil Nadu, India","Otthakadai, Tamil Nadu 625107",2333
"Uchapatti, Tirumangalam, Tamil Nadu, India","Uthangudi, Tamil Nadu",2276
"Uchapatti, Tirumangalam, Tamil Nadu, India","Sukkampatti, Tamil Nadu 625101",4164
"Uchapatti, Tirumangalam, Tamil Nadu, India","Vanjipatti, Tamil Nadu 625101",4164
"Uchapatti, Tirumangalam, Tamil Nadu, India","Vanjinagaram, Tamil Nadu 625101",3837
"Uchapatti, Tirumangalam, Tamil Nadu, India","Kachirayanpatti, Tamil Nadu 625105",3578
"Uchapatti, Tirumangalam, Tamil Nadu, India","Kottampatty, Tamil Nadu 625103",4192
"Uchapatti, Tirumangalam, Tamil Nadu, India","Attappatti, Tamil Nadu 625108",3859
"Uchapatti, Tirumangalam, Tamil Nadu, India","Thumbaipatti, Tamil Nadu",3533
"Uchapatti, Tirumangalam, Tamil Nadu, India","Soorakkundu, Tamil Nadu 625106",3293
"Uchapatti, Tirumangalam, Tamil Nadu, India","Pungankulam, Tamil Nadu 625706",1462
"Uchapatti, Tirumangalam, Tamil Nadu, India","Urappanur, Tamil Nadu",1149
"Uchapatti, Tirumangalam, Tamil Nadu, India","Mela Urapanur, Tamil Nadu 625706",1683
"Uchapatti, Tirumangalam, Tamil Nadu, India","Kannan Temple, MDR954, Urappanur, Tamil Nadu 625706",1149
"Uchapatti, Tirumangalam, Tamil Nadu, India","Karadikal, Tamil Nadu",18654
"Uchapatti, Tirumangalam, Tamil Nadu, India","Govt Kallar Ele. School Sorikkampatti, Sorikkampatti,, Tamil Nadu",10238
"Uchapatti, Tirumangalam, Tamil Nadu, India","K.Pudupatti, Madurai, Tamil Nadu",519
"Uchapatti, Tirumangalam, Tamil Nadu, India","Thenpalanji, Tamil Nadu 625021",776
"Uchapatti, Tirumangalam, Tamil Nadu, India","Panchayat Union Elementry School Vedar Puliyankulam, Veder Puliangulam, Tamil Nadu 625006",534
"Uchapatti, Tirumangalam, Tamil Nadu, India","Ambattaiyanpatti, Tamil Nadu 625529",2136
"Uchapatti, Tirumangalam, Tamil Nadu, India","Poruppu Mettupatti, Tamil Nadu 625529",3848
"Uchapatti, Tirumangalam, Tamil Nadu, India","P. Vagaikulam, Tamil Nadu",2339
"Uchapatti, Tirumangalam, Tamil Nadu, India","C.Vagaikulam, Tamil Nadu",2339
"Uchapatti, Tirumangalam, Tamil Nadu, India","Alagusirai, Tamil Nadu 625706",1722
"Uchapatti, Tirumangalam, Tamil Nadu, India","Karadipatti, Tamil Nadu",1346
"Uchapatti, Tirumangalam, Tamil Nadu, India","Karumathur, Tamil Nadu 625514",1637
"Uchapatti, Tirumangalam, Tamil Nadu, India","Poosaaripatty, Tamil Nadu 625514",2318
"Uchapatti, Tirumangalam, Tamil Nadu, India","Poochampatti, Tamil Nadu 625218",2134
"Uchapatti, Tirumangalam, Tamil Nadu, India","Ramarajapuram, Tamil Nadu 624219",2799
"Uchapatti, Tirumangalam, Tamil Nadu, India","Thethoor, Tamil Nadu",10238
"Uchapatti, Tirumangalam, Tamil Nadu, India","Vaigasipatti, Tamil Nadu 625501",2671
"Uchapatti, Tirumangalam, Tamil Nadu, India","Kalvelipatti, Tamil Nadu",1899
"Uchapatti, Tirumangalam, Tamil Nadu, India","Alanganallur, Vadipatti, Madurai, Tamil Nadu, India",2453
"Uchapatti, Tirumangalam, Tamil Nadu, India","Siruvalai, Madurai, Tamil Nadu",2046
"Uchapatti, Tirumangalam, Tamil Nadu, India","Oththavidu, Tamil Nadu 625501",2453
"Uchapatti, Tirumangalam, Tamil Nadu, India","Kallanai, Tamil Nadu 625501",2507
"Uchapatti, Tirumangalam, Tamil Nadu, India","Sivarakottai, Tamil Nadu",1116
"Uchapatti, Tirumangalam, Tamil Nadu, India","Maruthangudi, Tamil Nadu 625701",2184
"Uchapatti, Tirumangalam, Tamil Nadu, India","Mochikulam, Tamil Nadu",10238
"Uchapatti, Tirumangalam, Tamil Nadu, India","Thirumal, Paraikulam, Tamil Nadu 625706",1683
"Uchapatti, Tirumangalam, Tamil Nadu, India","Paraikulam, Tamil Nadu 625706",1683
"Uchapatti, Tirumangalam, Tamil Nadu, India","Veeraperumalpuram, Tamil Nadu 625706",1683
"Uchapatti, Tirumangalam, Tamil Nadu, India","Thoombakulam, Tamil Nadu 625706",1683
"Uchapatti, Tirumangalam, Tamil Nadu, India","Kallanai, Tamil Nadu 625706",1683
"Uchapatti, Tirumangalam, Tamil Nadu, India","Sathangudi, Tamil Nadu 625706",1109
"Uchapatti, Tirumangalam, Tamil Nadu, India","Kangayanatham, Tamil Nadu 625706",1683
"Uchapatti, Tirumangalam, Tamil Nadu, India","Pannikundu, Tamil Nadu 625706",1392
"Uchapatti, Tirumangalam, Tamil Nadu, India","Thangalacheri, Tamil Nadu 625706",1683
"Uchapatti, Tirumangalam, Tamil Nadu, India","Sedapatti, Tamil Nadu 625527",2736
"Uchapatti, Tirumangalam, Tamil Nadu, India","Kunnathur, Tamil Nadu 625708",1716
"Uchapatti, Tirumangalam, Tamil Nadu, India","Kilavaneri, Tamil Nadu 625706",1683
"Uchapatti, Tirumangalam, Tamil Nadu, India","Tirali, Tamil Nadu 625706",1341
"Uchapatti, Tirumangalam, Tamil Nadu, India","Tirumangalam, Tamil Nadu 625706",1683
"Uchapatti, Tirumangalam, Tamil Nadu, India","Kappalur, Madurai, Tamil Nadu",501
"Uchapatti, Tirumangalam, Tamil Nadu, India","Thoppur, Tamil Nadu 625008",13821
"Uchapatti, Tirumangalam, Tamil Nadu, India","Thiruparankundram, Tamil Nadu",814
"Uchapatti, Tirumangalam, Tamil Nadu, India","Pykara, Madurai, Tamil Nadu 625004",1292
"Uchapatti, Tirumangalam, Tamil Nadu, India","Ulagani, Tamil Nadu 625706",1683
"Uchapatti, Tirumangalam, Tamil Nadu, India","Melaupplikundu, Tamil Nadu",10238
"Uchapatti, Tirumangalam, Tamil Nadu, India","Periya Koodakoil, Tamil Nadu",1478
"Uchapatti, Tirumangalam, Tamil Nadu, India","Solankuruni, Tamil Nadu 625022",1187
"Uchapatti, Tirumangalam, Tamil Nadu, India","Nallur, Tamil Nadu 625022",1530
"Uchapatti, Tirumangalam, Tamil Nadu, India","Kusavakundu, Tamil Nadu 625022",1345
"Uchapatti, Tirumangalam, Tamil Nadu, India","Perungudi, madurai",921
"Uchapatti, Tirumangalam, Tamil Nadu, India","Chinthamani, Tamil Nadu",25133
"Uchapatti, Tirumangalam, Tamil Nadu, India","A.Andipatti, Tamil Nadu 625537",3830
"Uchapatti, Tirumangalam, Tamil Nadu, India","Ayyanarkulam, Tamil Nadu 625537",3276
"Uchapatti, Tirumangalam, Tamil Nadu, India","Kodikulam, Tamil Nadu 625514",2318
"Uchapatti, Tirumangalam, Tamil Nadu, India","Kovilangulam, Tamil Nadu 625514",2550
"Uchapatti, Tirumangalam, Tamil Nadu, India","Mayakurumbanpatti.Kaliyaman.Temple, Madurai, Tamil Nadu 625514",2318
"Uchapatti, Tirumangalam, Tamil Nadu, India","Chettikulam, Tamil Nadu 625514",10634
"Uchapatti, Tirumangalam, Tamil Nadu, India","Kokkulam, Tamil Nadu",3740
"Uchapatti, Tirumangalam, Tamil Nadu, India","Checkanurani, Tamil Nadu 625514",1146
"Uchapatti, Tirumangalam, Tamil Nadu, India","Panchayat Union Elementary School, Mahalingapuram, Usilampatti, Tamil Nadu, Mahalingampuram Pudur, Tamil Nadu 625537",2587
"Uchapatti, Tirumangalam, Tamil Nadu, India","Kalluthu, Tamil Nadu 625537",3305
"Uchapatti, Tirumangalam, Tamil Nadu, India","K.Perumalpatti Amman Kovil, post, Kalluthu, Tamil Nadu 625537",Error
"Uchapatti, Tirumangalam, Tamil Nadu, India","Saththa Kovil Melaperumalpatti, Mannadimangalam R.F., Tamil Nadu 625207",2930
"Uchapatti, Tirumangalam, Tamil Nadu, India","Vikkiramangalam, Tamil Nadu 625207",2452
"Uchapatti, Tirumangalam, Tamil Nadu, India","Panniyan, Tamil Nadu",10238
"Uchapatti, Tirumangalam, Tamil Nadu, India","Melakkal, Tamil Nadu 625234",1457
"Uchapatti, Tirumangalam, Tamil Nadu, India","Perumalkovilpatti, Tamil Nadu 625532",2338
"Uchapatti, Tirumangalam, Tamil Nadu, India","Allikundam, Tahsil-Usilampatti, Madurai, Tamil Nadu 625527",2419
"Uchapatti, Tirumangalam, Tamil Nadu, India","Manuthu, Tamil Nadu 625527",2752
"Uchapatti, Tirumangalam, Tamil Nadu, India","Rasakkapatti, Tamil Nadu 625527",2752
"Uchapatti, Tirumangalam, Tamil Nadu, India","Rengasamipatty Bus Stop, Eramarpatti, Tamil Nadu 625527",2752
"Uchapatti, Tirumangalam, Tamil Nadu, India","Palarpatti, Tamil Nadu 625527",2752
"Uchapatti, Tirumangalam, Tamil Nadu, India","Usilampatti, Tamil Nadu 625532",2338
"Uchapatti, Tirumangalam, Tamil Nadu, India","Unnamed Road, Varichiyur, Tamil Nadu 625020, India",11493
"Uchapatti, Tirumangalam, Tamil Nadu, India","Poonjuthi, Poonjuthi,, Tamil Nadu",10238
"Uchapatti, Tirumangalam, Tamil Nadu, India","Thiruvathavur, Tamil Nadu",10238
"Uchapatti, Tirumangalam, Tamil Nadu, India","Uranganpatti, Tamil Nadu",2514
"Uchapatti, Tirumangalam, Tamil Nadu, India","Idayapatti, Tamil Nadu",4199
"Uchapatti, Tirumangalam, Tamil Nadu, India","Pudhu Thamaraipatti, Tamil Nadu 625107",2333
"Uchapatti, Tirumangalam, Tamil Nadu, India","Karuppayurani, Tamil Nadu 625020",2103
"Uchapatti, Tirumangalam, Tamil Nadu, India","Urseri, Tamil Nadu",2656
"Uchapatti, Tirumangalam, Tamil Nadu, India","Palamedu, Tamil Nadu0 625503",3105
"Uchapatti, Tirumangalam, Tamil Nadu, India","Senthamangalam, Tamil Nadu 625503",10250
"Uchapatti, Tirumangalam, Tamil Nadu, India","Paraipatti, Tamil Nadu 625503",3694
"Uchapatti, Tirumangalam, Tamil Nadu, India","Vellaiyampatti, Tamil Nadu 625503",3565
"Uchapatti, Tirumangalam, Tamil Nadu, India","Manickampatty, Tamil Nadu 625503",3105
"Uchapatti, Tirumangalam, Tamil Nadu, India","Muduvarpatti, Tamil Nadu 625503",3127
"Uchapatti, Tirumangalam, Tamil Nadu, India","Periya Urseri, Tamil Nadu 625501",2656
"Uchapatti, Tirumangalam, Tamil Nadu, India","15B Mettupatti, Tamil Nadu 625501",3848
"Uchapatti, Tirumangalam, Tamil Nadu, India","Velichanatham, V.Meenakshipuram, Tamil Nadu",7410
"Uchapatti, Tirumangalam, Tamil Nadu, India","Vallavan Colony Bus Stop, Tamil Nadu",10238
"Uchapatti, Tirumangalam, Tamil Nadu, India","P.Okkupatty, Tamil Nadu",10238
"Uchapatti, Tirumangalam, Tamil Nadu, India","Ambalakaranpatti, Tamil Nadu 625106",2253
"Uchapatti, Tirumangalam, Tamil Nadu, India","Kattakalaipatty, Tamil Nadu 625109",4355
"Uchapatti, Tirumangalam, Tamil Nadu, India","Muruganpatty, Tamil Nadu 625109",4355
"Uchapatti, Tirumangalam, Tamil Nadu, India","Kottanathampatty, Tamil Nadu",10238
"Uchapatti, Tirumangalam, Tamil Nadu, India","Melavalasai, Tamil Nadu 625109",4355
"Uchapatti, Tirumangalam, Tamil Nadu, India","Kuppachipatti, Tamil Nadu 625109",4355
"Uchapatti, Tirumangalam, Tamil Nadu, India","Kattanipatti, Tamil Nadu",4769
"Uchapatti, Tirumangalam, Tamil Nadu, India","Alagichipatti, Tamil Nadu 625109",4355
"Uchapatti, Tirumangalam, Tamil Nadu, India","Ucharichanpatti, Tamil Nadu 625109",4355
"Uchapatti, Tirumangalam, Tamil Nadu, India","Kottanathampatti Post Office, Kottanathampatty, Tamil Nadu 625109",4355
"Uchapatti, Tirumangalam, Tamil Nadu, India","Vannanparaipatti, Tamil Nadu",3466
"Uchapatti, Tirumangalam, Tamil Nadu, India","Pathinettangudi, Tamil Nadu 625106",3293
"Uchapatti, Tirumangalam, Tamil Nadu, India","Manickampatty, Tamil Nadu 625503",3105
"Uchapatti, Tirumangalam, Tamil Nadu, India","Chinnapatti, Tamil Nadu 625014",3019
"Uchapatti, Tirumangalam, Tamil Nadu, India","Periyapatti, Tamil Nadu 625014",2920
"Uchapatti, Tirumangalam, Tamil Nadu, India","Paraipatti, Tamil Nadu 625301",3541
"Uchapatti, Tirumangalam, Tamil Nadu, India","Kodimangalam, Tamil Nadu 625301",3541
"Uchapatti, Tirumangalam, Tamil Nadu, India","Tiruppalai, Madurai, Tamil Nadu",3042
"Uchapatti, Tirumangalam, Tamil Nadu, India","Keelavalavu, Tamil Nadu",3775
"Uchapatti, Tirumangalam, Tamil Nadu, India","Vatakkuvalayapatti, Tamil Nadu",10238
"Uchapatti, Tirumangalam, Tamil Nadu, India","Sarugu Valayapatti, Tamil Nadu 625109",4355
"Uchapatti, Tirumangalam, Tamil Nadu, India","Uranganpatti, Tamil Nadu 625109",4021
"Uchapatti, Tirumangalam, Tamil Nadu, India","Vellalore, Tamil Nadu 625109",12788
"Uchapatti, Tirumangalam, Tamil Nadu, India","Melavalasai, Tamil Nadu 625109",4355
"Uchapatti, Tirumangalam, Tamil Nadu, India","Thanaiyamangalam, Tamil Nadu 625109",3870
"Uchapatti, Tirumangalam, Tamil Nadu, India","Muthusamypatti, Kayampatti, Tamil Nadu 625108",3503
"Uchapatti, Tirumangalam, Tamil Nadu, India","Kongampatti, Tamil Nadu",4140
"Uchapatti, Tirumangalam, Tamil Nadu, India","Kallampottai, Tamil Nadu 625106",3293
"Uchapatti, Tirumangalam, Tamil Nadu, India","Kottanathampatty, Tamil Nadu 625109",4355
"Uchapatti, Tirumangalam, Tamil Nadu, India","Vadakkampatti, Tamil Nadu 625514",2318
"Uchapatti, Tirumangalam, Tamil Nadu, India","Poochampatty Karuppusamy Temple, Tamil Nadu 625514",13673
"Uchapatti, Tirumangalam, Tamil Nadu, India","Chettikulam, Tamil Nadu 625514",10634
"Uchapatti, Tirumangalam, Tamil Nadu, India","Arittapatti, Tamil Nadu 625106",3064
"Uchapatti, Tirumangalam, Tamil Nadu, India",Surakkundu,3029
"Uchapatti, Tirumangalam, Tamil Nadu, India",Vikkiramangalam R.F,2939
"Uchapatti, Tirumangalam, Tamil Nadu, India","Sathamangalam, Madurai, Tamil Nadu",2083
"Uchapatti, Tirumangalam, Tamil Nadu, India","Manappatti Vinayagar Temple, Purandippatti, Tamil Nadu 625105",11424
"Uchapatti, Tirumangalam, Tamil Nadu, India","Sakkiliyankulam, Tamil Nadu 625537",3276
"Uchapatti, Tirumangalam, Tamil Nadu, India","Sakkarapatti, Tamil Nadu",10238
"Uchapatti, Tirumangalam, Tamil Nadu, India","Karumathur, Tamil Nadu 625514",1637
"Uchapatti, Tirumangalam, Tamil Nadu, India","Panchayat Union Elementary School Keelamattaiyan, India, Melakkal, Tamil Nadu",10238
"Uchapatti, Tirumangalam, Tamil Nadu, India","Mullippallam, Tamil Nadu 625207",2225
"Uchapatti, Tirumangalam, Tamil Nadu, India","Nachikulam, Tamil Nadu 625205",2367
"Uchapatti, Tirumangalam, Tamil Nadu, India","Pandiarajapuram-Pallaptti-Road, Pandiarajapuram, Tamil Nadu 624201, India",12021
"Uchapatti, Tirumangalam, Tamil Nadu, India","Kulasekarankottai, Tamil Nadu 625218",1892
"Uchapatti, Tirumangalam, Tamil Nadu, India","Katchaikatti, Tamil Nadu 625218",2134
"Uchapatti, Tirumangalam, Tamil Nadu, India","T. Andipatti, Tamil Nadu",1710
"Uchapatti, Tirumangalam, Tamil Nadu, India","Nedungulam, Tamil Nadu",4416
"Uchapatti, Tirumangalam, Tamil Nadu, India","Thenur, Tamil Nadu 625402",1355
"Uchapatti, Tirumangalam, Tamil Nadu, India","T. Mettupatti, Tamil Nadu 625501",3848
"Uchapatti, Tirumangalam, Tamil Nadu, India","Chockalingapuram, Tamil Nadu 625218",2134
"Uchapatti, Tirumangalam, Tamil Nadu, India","Idayapatti Govt School, Kovilpatti, Tamil Nadu 625501",2496
"Uchapatti, Tirumangalam, Tamil Nadu, India","Azhagapuri - Meenakshipuram Rd, Tamil Nadu 625501",7500
"Uchapatti, Tirumangalam, Tamil Nadu, India","Vittankulam, Tamil Nadu 625501",1828
"Uchapatti, Tirumangalam, Tamil Nadu, India","Alanganallur, Tamil Nadu 625501",2453
"Uchapatti, Tirumangalam, Tamil Nadu, India","Pottulupatti, Tamil Nadu 625514",2256
"Uchapatti, Tirumangalam, Tamil Nadu, India","Moonaandipatty, Tamil Nadu 625514",2318
"Uchapatti, Tirumangalam, Tamil Nadu, India","Meenachipatti, Tamil Nadu 625514",2318
"Uchapatti, Tirumangalam, Tamil Nadu, India","Sokkalingapuram Road, Sokkalingapuram, Tamil Nadu 625512, India",5156
"Uchapatti, Tirumangalam, Tamil Nadu, India","Periya Ilandhai Kulam, Tamil Nadu 625221",2504
"Uchapatti, Tirumangalam, Tamil Nadu, India","Chittalai, Tamil Nadu 625706",1683
"Uchapatti, Tirumangalam, Tamil Nadu, India","Keela Urappanur, Tamil Nadu 625706",1149
"Uchapatti, Tirumangalam, Tamil Nadu, India","Josyar Alangulam, Tamil Nadu 625706",1348
"Uchapatti, Tirumangalam, Tamil Nadu, India","Maravankulam, Tamil Nadu",778
"Ariyapatti, Usilampatti, Tamil Nadu, India","Sikkampatti, Papireddipatti, Dharmapuri, Tamil Nadu, India",17083
"Ariyapatti, Usilampatti, Tamil Nadu, India","Kuppanampatti, Tamil Nadu",11498
"Ariyapatti, Usilampatti, Tamil Nadu, India","Valandur, Tamil Nadu",643
"Ariyapatti, Usilampatti, Tamil Nadu, India","Chellampatty, Tamil Nadu",11498
"Ariyapatti, Usilampatti, Tamil Nadu, India","Kannanur, Tamil Nadu 625514",1300
"Ariyapatti, Usilampatti, Tamil Nadu, India","Checkanurani, Tamil Nadu 625514",1428
"Ariyapatti, Usilampatti, Tamil Nadu, India","Vadapalanji, Tamil Nadu",1844
"Ariyapatti, Usilampatti, Tamil Nadu, India","Nagamalai Puthukottai, Tamil Nadu 625019",1721
"Ariyapatti, Usilampatti, Tamil Nadu, India","Kallandhiri, Tamil Nadu 625301",4853
"Ariyapatti, Usilampatti, Tamil Nadu, India","Mathur, Tamil Nadu 625301",4810
"Ariyapatti, Usilampatti, Tamil Nadu, India","Arumbanur, Tamil Nadu 625104",4520
"Ariyapatti, Usilampatti, Tamil Nadu, India","Pudupatti, Tamil Nadu 625107",4417
"Ariyapatti, Usilampatti, Tamil Nadu, India","Otthakadai, Tamil Nadu 625107",4204
"Ariyapatti, Usilampatti, Tamil Nadu, India","Uthangudi, Tamil Nadu",4053
"Ariyapatti, Usilampatti, Tamil Nadu, India","Sukkampatti, Tamil Nadu 625101",6039
"Ariyapatti, Usilampatti, Tamil Nadu, India","Vanjipatti, Tamil Nadu 625101",6039
"Ariyapatti, Usilampatti, Tamil Nadu, India","Vanjinagaram, Tamil Nadu 625101",5713
"Ariyapatti, Usilampatti, Tamil Nadu, India","Kachirayanpatti, Tamil Nadu 625105",5454
"Ariyapatti, Usilampatti, Tamil Nadu, India","Kottampatty, Tamil Nadu 625103",6067
"Ariyapatti, Usilampatti, Tamil Nadu, India","Attappatti, Tamil Nadu 625108",5735
"Ariyapatti, Usilampatti, Tamil Nadu, India","Thumbaipatti, Tamil Nadu",5409
"Ariyapatti, Usilampatti, Tamil Nadu, India","Soorakkundu, Tamil Nadu 625106",5169
"Ariyapatti, Usilampatti, Tamil Nadu, India","Pungankulam, Tamil Nadu 625706",1731
"Ariyapatti, Usilampatti, Tamil Nadu, India","Urappanur, Tamil Nadu",2191
"Ariyapatti, Usilampatti, Tamil Nadu, India","Mela Urapanur, Tamil Nadu 625706",3128
"Ariyapatti, Usilampatti, Tamil Nadu, India","Kannan Temple, MDR954, Urappanur, Tamil Nadu 625706",2191
"Ariyapatti, Usilampatti, Tamil Nadu, India","Karadikal, Tamil Nadu",19883
"Ariyapatti, Usilampatti, Tamil Nadu, India","Govt Kallar Ele. School Sorikkampatti, Sorikkampatti,, Tamil Nadu",11498
"Ariyapatti, Usilampatti, Tamil Nadu, India","K.Pudupatti, Madurai, Tamil Nadu",1920
"Ariyapatti, Usilampatti, Tamil Nadu, India","Thenpalanji, Tamil Nadu 625021",2000
"Ariyapatti, Usilampatti, Tamil Nadu, India","Panchayat Union Elementry School Vedar Puliyankulam, Veder Puliangulam, Tamil Nadu 625006",2525
"Ariyapatti, Usilampatti, Tamil Nadu, India","Ambattaiyanpatti, Tamil Nadu 625529",1443
"Ariyapatti, Usilampatti, Tamil Nadu, India","Poruppu Mettupatti, Tamil Nadu 625529",5108
"Ariyapatti, Usilampatti, Tamil Nadu, India","P. Vagaikulam, Tamil Nadu",3509
"Ariyapatti, Usilampatti, Tamil Nadu, India","C.Vagaikulam, Tamil Nadu",3509
"Ariyapatti, Usilampatti, Tamil Nadu, India","Alagusirai, Tamil Nadu 625706",1433
"Ariyapatti, Usilampatti, Tamil Nadu, India","Karadipatti, Tamil Nadu",2131
"Ariyapatti, Usilampatti, Tamil Nadu, India","Karumathur, Tamil Nadu 625514",1049
"Ariyapatti, Usilampatti, Tamil Nadu, India","Poosaaripatty, Tamil Nadu 625514",1047
"Ariyapatti, Usilampatti, Tamil Nadu, India","Poochampatti, Tamil Nadu 625218",3387
"Ariyapatti, Usilampatti, Tamil Nadu, India","Ramarajapuram, Tamil Nadu 624219",3517
"Ariyapatti, Usilampatti, Tamil Nadu, India","Thethoor, Tamil Nadu",11498
"Ariyapatti, Usilampatti, Tamil Nadu, India","Vaigasipatti, Tamil Nadu 625501",3931
"Ariyapatti, Usilampatti, Tamil Nadu, India","Kalvelipatti, Tamil Nadu",3159
"Ariyapatti, Usilampatti, Tamil Nadu, India","Alanganallur, Vadipatti, Madurai, Tamil Nadu, India",3713
"Ariyapatti, Usilampatti, Tamil Nadu, India","Siruvalai, Madurai, Tamil Nadu",3301
"Ariyapatti, Usilampatti, Tamil Nadu, India","Oththavidu, Tamil Nadu 625501",3713
"Ariyapatti, Usilampatti, Tamil Nadu, India","Kallanai, Tamil Nadu 625501",3767
"Ariyapatti, Usilampatti, Tamil Nadu, India","Sivarakottai, Tamil Nadu",2522
"Ariyapatti, Usilampatti, Tamil Nadu, India","Maruthangudi, Tamil Nadu 625701",3608
"Ariyapatti, Usilampatti, Tamil Nadu, India","Mochikulam, Tamil Nadu",11498
"Ariyapatti, Usilampatti, Tamil Nadu, India","Thirumal, Paraikulam, Tamil Nadu 625706",3128
"Ariyapatti, Usilampatti, Tamil Nadu, India","Paraikulam, Tamil Nadu 625706",3128
"Ariyapatti, Usilampatti, Tamil Nadu, India","Veeraperumalpuram, Tamil Nadu 625706",3128
"Ariyapatti, Usilampatti, Tamil Nadu, India","Thoombakulam, Tamil Nadu 625706",3128
"Ariyapatti, Usilampatti, Tamil Nadu, India","Kallanai, Tamil Nadu 625706",3128
"Ariyapatti, Usilampatti, Tamil Nadu, India","Sathangudi, Tamil Nadu 625706",1676
"Ariyapatti, Usilampatti, Tamil Nadu, India","Kangayanatham, Tamil Nadu 625706",3128
"Ariyapatti, Usilampatti, Tamil Nadu, India","Pannikundu, Tamil Nadu 625706",1403
"Ariyapatti, Usilampatti, Tamil Nadu, India","Thangalacheri, Tamil Nadu 625706",3128
"Ariyapatti, Usilampatti, Tamil Nadu, India","Sedapatti, Tamil Nadu 625527",2057
"Ariyapatti, Usilampatti, Tamil Nadu, India","Kunnathur, Tamil Nadu 625708",2992
"Ariyapatti, Usilampatti, Tamil Nadu, India","Kilavaneri, Tamil Nadu 625706",3128
"Ariyapatti, Usilampatti, Tamil Nadu, India","Tirali, Tamil Nadu 625706",2298
"Ariyapatti, Usilampatti, Tamil Nadu, India","Tirumangalam, Tamil Nadu 625706",3128
"Ariyapatti, Usilampatti, Tamil Nadu, India","Kappalur, Madurai, Tamil Nadu",2512
"Ariyapatti, Usilampatti, Tamil Nadu, India","Thoppur, Tamil Nadu 625008",15081
"Ariyapatti, Usilampatti, Tamil Nadu, India","Thiruparankundram, Tamil Nadu",2804
"Ariyapatti, Usilampatti, Tamil Nadu, India","Pykara, Madurai, Tamil Nadu 625004",3104
"Ariyapatti, Usilampatti, Tamil Nadu, India","Ulagani, Tamil Nadu 625706",3128
"Ariyapatti, Usilampatti, Tamil Nadu, India","Melaupplikundu, Tamil Nadu",11498
"Ariyapatti, Usilampatti, Tamil Nadu, India","Periya Koodakoil, Tamil Nadu",3441
"Ariyapatti, Usilampatti, Tamil Nadu, India","Solankuruni, Tamil Nadu 625022",3150
"Ariyapatti, Usilampatti, Tamil Nadu, India","Nallur, Tamil Nadu 625022",3493
"Ariyapatti, Usilampatti, Tamil Nadu, India","Kusavakundu, Tamil Nadu 625022",3307
"Ariyapatti, Usilampatti, Tamil Nadu, India","Perungudi, madurai",2883
"Ariyapatti, Usilampatti, Tamil Nadu, India","Chinthamani, Tamil Nadu",26362
"Ariyapatti, Usilampatti, Tamil Nadu, India","A.Andipatti, Tamil Nadu 625537",2016
"Ariyapatti, Usilampatti, Tamil Nadu, India","Ayyanarkulam, Tamil Nadu 625537",1462
"Ariyapatti, Usilampatti, Tamil Nadu, India","Kodikulam, Tamil Nadu 625514",1047
"Ariyapatti, Usilampatti, Tamil Nadu, India","Kovilangulam, Tamil Nadu 625514",4513
"Ariyapatti, Usilampatti, Tamil Nadu, India","Mayakurumbanpatti.Kaliyaman.Temple, Madurai, Tamil Nadu 625514",1047
"Ariyapatti, Usilampatti, Tamil Nadu, India","Chettikulam, Tamil Nadu 625514",12041
"Ariyapatti, Usilampatti, Tamil Nadu, India","Kokkulam, Tamil Nadu",5703
"Ariyapatti, Usilampatti, Tamil Nadu, India","Checkanurani, Tamil Nadu 625514",1428
"Ariyapatti, Usilampatti, Tamil Nadu, India","Panchayat Union Elementary School, Mahalingapuram, Usilampatti, Tamil Nadu, Mahalingampuram Pudur, Tamil Nadu 625537",773
"Ariyapatti, Usilampatti, Tamil Nadu, India","Kalluthu, Tamil Nadu 625537",2048
"Ariyapatti, Usilampatti, Tamil Nadu, India","K.Perumalpatti Amman Kovil, post, Kalluthu, Tamil Nadu 625537",Error
"Ariyapatti, Usilampatti, Tamil Nadu, India","Saththa Kovil Melaperumalpatti, Mannadimangalam R.F., Tamil Nadu 625207",2530
"Ariyapatti, Usilampatti, Tamil Nadu, India","Vikkiramangalam, Tamil Nadu 625207",1730
"Ariyapatti, Usilampatti, Tamil Nadu, India","Panniyan, Tamil Nadu",11498
"Ariyapatti, Usilampatti, Tamil Nadu, India","Melakkal, Tamil Nadu 625234",1834
"Ariyapatti, Usilampatti, Tamil Nadu, India","Perumalkovilpatti, Tamil Nadu 625532",524
"Ariyapatti, Usilampatti, Tamil Nadu, India","Allikundam, Tahsil-Usilampatti, Madurai, Tamil Nadu 625527",1491
"Ariyapatti, Usilampatti, Tamil Nadu, India","Manuthu, Tamil Nadu 625527",2074
"Ariyapatti, Usilampatti, Tamil Nadu, India","Rasakkapatti, Tamil Nadu 625527",2074
"Ariyapatti, Usilampatti, Tamil Nadu, India","Rengasamipatty Bus Stop, Eramarpatti, Tamil Nadu 625527",2074
"Ariyapatti, Usilampatti, Tamil Nadu, India","Palarpatti, Tamil Nadu 625527",2074
"Ariyapatti, Usilampatti, Tamil Nadu, India","Usilampatti, Tamil Nadu 625532",524
"Ariyapatti, Usilampatti, Tamil Nadu, India","Unnamed Road, Varichiyur, Tamil Nadu 625020, India",12753
"Ariyapatti, Usilampatti, Tamil Nadu, India","Poonjuthi, Poonjuthi,, Tamil Nadu",11498
"Ariyapatti, Usilampatti, Tamil Nadu, India","Thiruvathavur, Tamil Nadu",11498
"Ariyapatti, Usilampatti, Tamil Nadu, India","Uranganpatti, Tamil Nadu",4309
"Ariyapatti, Usilampatti, Tamil Nadu, India","Idayapatti, Tamil Nadu",5459
"Ariyapatti, Usilampatti, Tamil Nadu, India","Pudhu Thamaraipatti, Tamil Nadu 625107",4204
"Ariyapatti, Usilampatti, Tamil Nadu, India","Karuppayurani, Tamil Nadu 625020",3897
"Ariyapatti, Usilampatti, Tamil Nadu, India","Urseri, Tamil Nadu",3916
"Ariyapatti, Usilampatti, Tamil Nadu, India","Palamedu, Tamil Nadu0 625503",4365
"Ariyapatti, Usilampatti, Tamil Nadu, India","Senthamangalam, Tamil Nadu 625503",11510
"Ariyapatti, Usilampatti, Tamil Nadu, India","Paraipatti, Tamil Nadu 625503",4864
"Ariyapatti, Usilampatti, Tamil Nadu, India","Vellaiyampatti, Tamil Nadu 625503",4735
"Ariyapatti, Usilampatti, Tamil Nadu, India","Manickampatty, Tamil Nadu 625503",4365
"Ariyapatti, Usilampatti, Tamil Nadu, India","Muduvarpatti, Tamil Nadu 625503",4388
"Ariyapatti, Usilampatti, Tamil Nadu, India","Periya Urseri, Tamil Nadu 625501",3916
"Ariyapatti, Usilampatti, Tamil Nadu, India","15B Mettupatti, Tamil Nadu 625501",5108
"Ariyapatti, Usilampatti, Tamil Nadu, India","Velichanatham, V.Meenakshipuram, Tamil Nadu",8816
"Ariyapatti, Usilampatti, Tamil Nadu, India","Vallavan Colony Bus Stop, Tamil Nadu",11498
"Ariyapatti, Usilampatti, Tamil Nadu, India","P.Okkupatty, Tamil Nadu",11498
"Ariyapatti, Usilampatti, Tamil Nadu, India","Ambalakaranpatti, Tamil Nadu 625106",4243
"Ariyapatti, Usilampatti, Tamil Nadu, India","Kattakalaipatty, Tamil Nadu 625109",6230
"Ariyapatti, Usilampatti, Tamil Nadu, India","Muruganpatty, Tamil Nadu 625109",6230
"Ariyapatti, Usilampatti, Tamil Nadu, India","Kottanathampatty, Tamil Nadu",11498
"Ariyapatti, Usilampatti, Tamil Nadu, India","Melavalasai, Tamil Nadu 625109",6230
"Ariyapatti, Usilampatti, Tamil Nadu, India","Kuppachipatti, Tamil Nadu 625109",6230
"Ariyapatti, Usilampatti, Tamil Nadu, India","Kattanipatti, Tamil Nadu",6644
"Ariyapatti, Usilampatti, Tamil Nadu, India","Alagichipatti, Tamil Nadu 625109",6230
"Ariyapatti, Usilampatti, Tamil Nadu, India","Ucharichanpatti, Tamil Nadu 625109",6230
"Ariyapatti, Usilampatti, Tamil Nadu, India","Kottanathampatti Post Office, Kottanathampatty, Tamil Nadu 625109",6230
"Ariyapatti, Usilampatti, Tamil Nadu, India","Vannanparaipatti, Tamil Nadu",5342
"Ariyapatti, Usilampatti, Tamil Nadu, India","Pathinettangudi, Tamil Nadu 625106",5169
"Ariyapatti, Usilampatti, Tamil Nadu, India","Manickampatty, Tamil Nadu 625503",4365
"Ariyapatti, Usilampatti, Tamil Nadu, India","Chinnapatti, Tamil Nadu 625014",4189
"Ariyapatti, Usilampatti, Tamil Nadu, India","Periyapatti, Tamil Nadu 625014",4090
"Ariyapatti, Usilampatti, Tamil Nadu, India","Paraipatti, Tamil Nadu 625301",5444
"Ariyapatti, Usilampatti, Tamil Nadu, India","Kodimangalam, Tamil Nadu 625301",5444
"Ariyapatti, Usilampatti, Tamil Nadu, India","Tiruppalai, Madurai, Tamil Nadu",4212
"Ariyapatti, Usilampatti, Tamil Nadu, India","Keelavalavu, Tamil Nadu",5651
"Ariyapatti, Usilampatti, Tamil Nadu, India","Vatakkuvalayapatti, Tamil Nadu",11498
"Ariyapatti, Usilampatti, Tamil Nadu, India","Sarugu Valayapatti, Tamil Nadu 625109",6230
"Ariyapatti, Usilampatti, Tamil Nadu, India","Uranganpatti, Tamil Nadu 625109",5897
"Ariyapatti, Usilampatti, Tamil Nadu, India","Vellalore, Tamil Nadu 625109",13670
"Ariyapatti, Usilampatti, Tamil Nadu, India","Melavalasai, Tamil Nadu 625109",6230
"Ariyapatti, Usilampatti, Tamil Nadu, India","Thanaiyamangalam, Tamil Nadu 625109",5746
"Ariyapatti, Usilampatti, Tamil Nadu, India","Muthusamypatti, Kayampatti, Tamil Nadu 625108",5378
"Ariyapatti, Usilampatti, Tamil Nadu, India","Kongampatti, Tamil Nadu",6015
"Ariyapatti, Usilampatti, Tamil Nadu, India","Kallampottai, Tamil Nadu 625106",5169
"Ariyapatti, Usilampatti, Tamil Nadu, India","Kottanathampatty, Tamil Nadu 625109",6230
"Ariyapatti, Usilampatti, Tamil Nadu, India","Vadakkampatti, Tamil Nadu 625514",1047
"Ariyapatti, Usilampatti, Tamil Nadu, India","Poochampatty Karuppusamy Temple, Tamil Nadu 625514",14556
"Ariyapatti, Usilampatti, Tamil Nadu, India","Chettikulam, Tamil Nadu 625514",12041
"Ariyapatti, Usilampatti, Tamil Nadu, India","Arittapatti, Tamil Nadu 625106",4940
"Ariyapatti, Usilampatti, Tamil Nadu, India",Surakkundu,4904
"Ariyapatti, Usilampatti, Tamil Nadu, India",Vikkiramangalam R.F,2273
"Ariyapatti, Usilampatti, Tamil Nadu, India","Sathamangalam, Madurai, Tamil Nadu",3488
"Ariyapatti, Usilampatti, Tamil Nadu, India","Manappatti Vinayagar Temple, Purandippatti, Tamil Nadu 625105",12831
"Ariyapatti, Usilampatti, Tamil Nadu, India","Sakkiliyankulam, Tamil Nadu 625537",1462
"Ariyapatti, Usilampatti, Tamil Nadu, India","Sakkarapatti, Tamil Nadu",11498
"Ariyapatti, Usilampatti, Tamil Nadu, India","Karumathur, Tamil Nadu 625514",1049
"Ariyapatti, Usilampatti, Tamil Nadu, India","Panchayat Union Elementary School Keelamattaiyan, India, Melakkal, Tamil Nadu",11498
"Ariyapatti, Usilampatti, Tamil Nadu, India","Mullippallam, Tamil Nadu 625207",2254
"Ariyapatti, Usilampatti, Tamil Nadu, India","Nachikulam, Tamil Nadu 625205",2904
"Ariyapatti, Usilampatti, Tamil Nadu, India","Pandiarajapuram-Pallaptti-Road, Pandiarajapuram, Tamil Nadu 624201, India",13281
"Ariyapatti, Usilampatti, Tamil Nadu, India","Kulasekarankottai, Tamil Nadu 625218",3152
"Ariyapatti, Usilampatti, Tamil Nadu, India","Katchaikatti, Tamil Nadu 625218",3387
"Ariyapatti, Usilampatti, Tamil Nadu, India","T. Andipatti, Tamil Nadu",2970
"Ariyapatti, Usilampatti, Tamil Nadu, India","Nedungulam, Tamil Nadu",6379
"Ariyapatti, Usilampatti, Tamil Nadu, India","Thenur, Tamil Nadu 625402",1980
"Ariyapatti, Usilampatti, Tamil Nadu, India","T. Mettupatti, Tamil Nadu 625501",5108
"Ariyapatti, Usilampatti, Tamil Nadu, India","Chockalingapuram, Tamil Nadu 625218",3387
"Ariyapatti, Usilampatti, Tamil Nadu, India","Idayapatti Govt School, Kovilpatti, Tamil Nadu 625501",3756
"Ariyapatti, Usilampatti, Tamil Nadu, India","Azhagapuri - Meenakshipuram Rd, Tamil Nadu 625501",8907
"Ariyapatti, Usilampatti, Tamil Nadu, India","Vittankulam, Tamil Nadu 625501",3088
"Ariyapatti, Usilampatti, Tamil Nadu, India","Alanganallur, Tamil Nadu 625501",3713
"Ariyapatti, Usilampatti, Tamil Nadu, India","Pottulupatti, Tamil Nadu 625514",442
"Ariyapatti, Usilampatti, Tamil Nadu, India","Moonaandipatty, Tamil Nadu 625514",1047
"Ariyapatti, Usilampatti, Tamil Nadu, India","Meenachipatti, Tamil Nadu 625514",1047
"Ariyapatti, Usilampatti, Tamil Nadu, India","Sokkalingapuram Road, Sokkalingapuram, Tamil Nadu 625512, India",7118
"Ariyapatti, Usilampatti, Tamil Nadu, India","Periya Ilandhai Kulam, Tamil Nadu 625221",3764
"Ariyapatti, Usilampatti, Tamil Nadu, India","Chittalai, Tamil Nadu 625706",3128
"Ariyapatti, Usilampatti, Tamil Nadu, India","Keela Urappanur, Tamil Nadu 625706",2191
"Ariyapatti, Usilampatti, Tamil Nadu, India","Josyar Alangulam, Tamil Nadu 625706",2030
"Ariyapatti, Usilampatti, Tamil Nadu, India","Maravankulam, Tamil Nadu",2562
"Sikkampatti, Papireddipatti, Dharmapuri, Tamil Nadu, India","Kuppanampatti, Tamil Nadu",10690
"Sikkampatti, Papireddipatti, Dharmapuri, Tamil Nadu, India","Valandur, Tamil Nadu",16593
"Sikkampatti, Papireddipatti, Dharmapuri, Tamil Nadu, India","Chellampatty, Tamil Nadu",10690
"Sikkampatti, Papireddipatti, Dharmapuri, Tamil Nadu, India","Kannanur, Tamil Nadu 625514",15804
"Sikkampatti, Papireddipatti, Dharmapuri, Tamil Nadu, India","Checkanurani, Tamil Nadu 625514",15716
"Sikkampatti, Papireddipatti, Dharmapuri, Tamil Nadu, India","Vadapalanji, Tamil Nadu",15578
"Sikkampatti, Papireddipatti, Dharmapuri, Tamil Nadu, India","Nagamalai Puthukottai, Tamil Nadu 625019",15234
"Sikkampatti, Papireddipatti, Dharmapuri, Tamil Nadu, India","Kallandhiri, Tamil Nadu 625301",16371
"Sikkampatti, Papireddipatti, Dharmapuri, Tamil Nadu, India","Mathur, Tamil Nadu 625301",16653
"Sikkampatti, Papireddipatti, Dharmapuri, Tamil Nadu, India","Arumbanur, Tamil Nadu 625104",16794
"Sikkampatti, Papireddipatti, Dharmapuri, Tamil Nadu, India","Pudupatti, Tamil Nadu 625107",16714
"Sikkampatti, Papireddipatti, Dharmapuri, Tamil Nadu, India","Otthakadai, Tamil Nadu 625107",16798
"Sikkampatti, Papireddipatti, Dharmapuri, Tamil Nadu, India","Uthangudi, Tamil Nadu",16933
"Sikkampatti, Papireddipatti, Dharmapuri, Tamil Nadu, India","Sukkampatti, Tamil Nadu 625101",16026
"Sikkampatti, Papireddipatti, Dharmapuri, Tamil Nadu, India","Vanjipatti, Tamil Nadu 625101",16026
"Sikkampatti, Papireddipatti, Dharmapuri, Tamil Nadu, India","Vanjinagaram, Tamil Nadu 625101",16591
"Sikkampatti, Papireddipatti, Dharmapuri, Tamil Nadu, India","Kachirayanpatti, Tamil Nadu 625105",16731
"Sikkampatti, Papireddipatti, Dharmapuri, Tamil Nadu, India","Kottampatty, Tamil Nadu 625103",16300
"Sikkampatti, Papireddipatti, Dharmapuri, Tamil Nadu, India","Attappatti, Tamil Nadu 625108",17127
"Sikkampatti, Papireddipatti, Dharmapuri, Tamil Nadu, India","Thumbaipatti, Tamil Nadu",17043
"Sikkampatti, Papireddipatti, Dharmapuri, Tamil Nadu, India","Soorakkundu, Tamil Nadu 625106",17224
"Sikkampatti, Papireddipatti, Dharmapuri, Tamil Nadu, India","Pungankulam, Tamil Nadu 625706",16591
"Sikkampatti, Papireddipatti, Dharmapuri, Tamil Nadu, India","Urappanur, Tamil Nadu",16278
"Sikkampatti, Papireddipatti, Dharmapuri, Tamil Nadu, India","Mela Urapanur, Tamil Nadu 625706",16813
"Sikkampatti, Papireddipatti, Dharmapuri, Tamil Nadu, India","Kannan Temple, MDR954, Urappanur, Tamil Nadu 625706",16278
"Sikkampatti, Papireddipatti, Dharmapuri, Tamil Nadu, India","Karadikal, Tamil Nadu",18147
"Sikkampatti, Papireddipatti, Dharmapuri, Tamil Nadu, India","Govt Kallar Ele. School Sorikkampatti, Sorikkampatti,, Tamil Nadu",10690
"Sikkampatti, Papireddipatti, Dharmapuri, Tamil Nadu, India","K.Pudupatti, Madurai, Tamil Nadu",15590
"Sikkampatti, Papireddipatti, Dharmapuri, Tamil Nadu, India","Thenpalanji, Tamil Nadu 625021",15622
"Sikkampatti, Papireddipatti, Dharmapuri, Tamil Nadu, India","Panchayat Union Elementry School Vedar Puliyankulam, Veder Puliangulam, Tamil Nadu 625006",15444
"Sikkampatti, Papireddipatti, Dharmapuri, Tamil Nadu, India","Ambattaiyanpatti, Tamil Nadu 625529",17266
"Sikkampatti, Papireddipatti, Dharmapuri, Tamil Nadu, India","Poruppu Mettupatti, Tamil Nadu 625529",12706
"Sikkampatti, Papireddipatti, Dharmapuri, Tamil Nadu, India","P. Vagaikulam, Tamil Nadu",15745
"Sikkampatti, Papireddipatti, Dharmapuri, Tamil Nadu, India","C.Vagaikulam, Tamil Nadu",15745
"Sikkampatti, Papireddipatti, Dharmapuri, Tamil Nadu, India","Alagusirai, Tamil Nadu 625706",16412
"Sikkampatti, Papireddipatti, Dharmapuri, Tamil Nadu, India","Karadipatti, Tamil Nadu",15643
"Sikkampatti, Papireddipatti, Dharmapuri, Tamil Nadu, India","Karumathur, Tamil Nadu 625514",16028
"Sikkampatti, Papireddipatti, Dharmapuri, Tamil Nadu, India","Poosaaripatty, Tamil Nadu 625514",16025
"Sikkampatti, Papireddipatti, Dharmapuri, Tamil Nadu, India","Poochampatti, Tamil Nadu 625218",14260
"Sikkampatti, Papireddipatti, Dharmapuri, Tamil Nadu, India","Ramarajapuram, Tamil Nadu 624219",14457
"Sikkampatti, Papireddipatti, Dharmapuri, Tamil Nadu, India","Thethoor, Tamil Nadu",10690
"Sikkampatti, Papireddipatti, Dharmapuri, Tamil Nadu, India","Vaigasipatti, Tamil Nadu 625501",15558
"Sikkampatti, Papireddipatti, Dharmapuri, Tamil Nadu, India","Kalvelipatti, Tamil Nadu",14787
"Sikkampatti, Papireddipatti, Dharmapuri, Tamil Nadu, India","Alanganallur, Vadipatti, Madurai, Tamil Nadu, India",15340
"Sikkampatti, Papireddipatti, Dharmapuri, Tamil Nadu, India","Siruvalai, Madurai, Tamil Nadu",15119
"Sikkampatti, Papireddipatti, Dharmapuri, Tamil Nadu, India","Oththavidu, Tamil Nadu 625501",15340
"Sikkampatti, Papireddipatti, Dharmapuri, Tamil Nadu, India","Kallanai, Tamil Nadu 625501",15395
"Sikkampatti, Papireddipatti, Dharmapuri, Tamil Nadu, India","Sivarakottai, Tamil Nadu",16245
"Sikkampatti, Papireddipatti, Dharmapuri, Tamil Nadu, India","Maruthangudi, Tamil Nadu 625701",17313
"Sikkampatti, Papireddipatti, Dharmapuri, Tamil Nadu, India","Mochikulam, Tamil Nadu",10690
"Sikkampatti, Papireddipatti, Dharmapuri, Tamil Nadu, India","Thirumal, Paraikulam, Tamil Nadu 625706",16813
"Sikkampatti, Papireddipatti, Dharmapuri, Tamil Nadu, India","Paraikulam, Tamil Nadu 625706",16813
"Sikkampatti, Papireddipatti, Dharmapuri, Tamil Nadu, India","Veeraperumalpuram, Tamil Nadu 625706",16813
"Sikkampatti, Papireddipatti, Dharmapuri, Tamil Nadu, India","Thoombakulam, Tamil Nadu 625706",16813
"Sikkampatti, Papireddipatti, Dharmapuri, Tamil Nadu, India","Kallanai, Tamil Nadu 625706",16813
"Sikkampatti, Papireddipatti, Dharmapuri, Tamil Nadu, India","Sathangudi, Tamil Nadu 625706",16239
"Sikkampatti, Papireddipatti, Dharmapuri, Tamil Nadu, India","Kangayanatham, Tamil Nadu 625706",16813
"Sikkampatti, Papireddipatti, Dharmapuri, Tamil Nadu, India","Pannikundu, Tamil Nadu 625706",16521
"Sikkampatti, Papireddipatti, Dharmapuri, Tamil Nadu, India","Thangalacheri, Tamil Nadu 625706",16813
"Sikkampatti, Papireddipatti, Dharmapuri, Tamil Nadu, India","Sedapatti, Tamil Nadu 625527",18078
"Sikkampatti, Papireddipatti, Dharmapuri, Tamil Nadu, India","Kunnathur, Tamil Nadu 625708",16845
"Sikkampatti, Papireddipatti, Dharmapuri, Tamil Nadu, India","Kilavaneri, Tamil Nadu 625706",16813
"Sikkampatti, Papireddipatti, Dharmapuri, Tamil Nadu, India","Tirali, Tamil Nadu 625706",16470
"Sikkampatti, Papireddipatti, Dharmapuri, Tamil Nadu, India","Tirumangalam, Tamil Nadu 625706",16813
"Sikkampatti, Papireddipatti, Dharmapuri, Tamil Nadu, India","Kappalur, Madurai, Tamil Nadu",15630
"Sikkampatti, Papireddipatti, Dharmapuri, Tamil Nadu, India","Thoppur, Tamil Nadu 625008",4150
"Sikkampatti, Papireddipatti, Dharmapuri, Tamil Nadu, India","Thiruparankundram, Tamil Nadu",15723
"Sikkampatti, Papireddipatti, Dharmapuri, Tamil Nadu, India","Pykara, Madurai, Tamil Nadu 625004",16115
"Sikkampatti, Papireddipatti, Dharmapuri, Tamil Nadu, India","Ulagani, Tamil Nadu 625706",16813
"Sikkampatti, Papireddipatti, Dharmapuri, Tamil Nadu, India","Melaupplikundu, Tamil Nadu",10690
"Sikkampatti, Papireddipatti, Dharmapuri, Tamil Nadu, India","Periya Koodakoil, Tamil Nadu",16607
"Sikkampatti, Papireddipatti, Dharmapuri, Tamil Nadu, India","Solankuruni, Tamil Nadu 625022",16317
"Sikkampatti, Papireddipatti, Dharmapuri, Tamil Nadu, India","Nallur, Tamil Nadu 625022",16659
"Sikkampatti, Papireddipatti, Dharmapuri, Tamil Nadu, India","Kusavakundu, Tamil Nadu 625022",16474
"Sikkampatti, Papireddipatti, Dharmapuri, Tamil Nadu, India","Perungudi, madurai",16050
"Sikkampatti, Papireddipatti, Dharmapuri, Tamil Nadu, India","Chinthamani, Tamil Nadu",17406
"Sikkampatti, Papireddipatti, Dharmapuri, Tamil Nadu, India","A.Andipatti, Tamil Nadu 625537",16742
"Sikkampatti, Papireddipatti, Dharmapuri, Tamil Nadu, India","Ayyanarkulam, Tamil Nadu 625537",15909
"Sikkampatti, Papireddipatti, Dharmapuri, Tamil Nadu, India","Kodikulam, Tamil Nadu 625514",16025
"Sikkampatti, Papireddipatti, Dharmapuri, Tamil Nadu, India","Kovilangulam, Tamil Nadu 625514",17679
"Sikkampatti, Papireddipatti, Dharmapuri, Tamil Nadu, India","Mayakurumbanpatti.Kaliyaman.Temple, Madurai, Tamil Nadu 625514",16025
"Sikkampatti, Papireddipatti, Dharmapuri, Tamil Nadu, India","Chettikulam, Tamil Nadu 625514",25763
"Sikkampatti, Papireddipatti, Dharmapuri, Tamil Nadu, India","Kokkulam, Tamil Nadu",18870
"Sikkampatti, Papireddipatti, Dharmapuri, Tamil Nadu, India","Checkanurani, Tamil Nadu 625514",15716
"Sikkampatti, Papireddipatti, Dharmapuri, Tamil Nadu, India","Panchayat Union Elementary School, Mahalingapuram, Usilampatti, Tamil Nadu, Mahalingampuram Pudur, Tamil Nadu 625537",16794
"Sikkampatti, Papireddipatti, Dharmapuri, Tamil Nadu, India","Kalluthu, Tamil Nadu 625537",15615
"Sikkampatti, Papireddipatti, Dharmapuri, Tamil Nadu, India","K.Perumalpatti Amman Kovil, post, Kalluthu, Tamil Nadu 625537",Error
"Sikkampatti, Papireddipatti, Dharmapuri, Tamil Nadu, India","Saththa Kovil Melaperumalpatti, Mannadimangalam R.F., Tamil Nadu 625207",15542
"Sikkampatti, Papireddipatti, Dharmapuri, Tamil Nadu, India","Vikkiramangalam, Tamil Nadu 625207",15728
"Sikkampatti, Papireddipatti, Dharmapuri, Tamil Nadu, India","Panniyan, Tamil Nadu",10690
"Sikkampatti, Papireddipatti, Dharmapuri, Tamil Nadu, India","Melakkal, Tamil Nadu 625234",15494
"Sikkampatti, Papireddipatti, Dharmapuri, Tamil Nadu, India","Perumalkovilpatti, Tamil Nadu 625532",16729
"Sikkampatti, Papireddipatti, Dharmapuri, Tamil Nadu, India","Allikundam, Tahsil-Usilampatti, Madurai, Tamil Nadu 625527",17512
"Sikkampatti, Papireddipatti, Dharmapuri, Tamil Nadu, India","Manuthu, Tamil Nadu 625527",18095
"Sikkampatti, Papireddipatti, Dharmapuri, Tamil Nadu, India","Rasakkapatti, Tamil Nadu 625527",18095
"Sikkampatti, Papireddipatti, Dharmapuri, Tamil Nadu, India","Rengasamipatty Bus Stop, Eramarpatti, Tamil Nadu 625527",18095
"Sikkampatti, Papireddipatti, Dharmapuri, Tamil Nadu, India","Palarpatti, Tamil Nadu 625527",18095
"Sikkampatti, Papireddipatti, Dharmapuri, Tamil Nadu, India","Usilampatti, Tamil Nadu 625532",16729
"Sikkampatti, Papireddipatti, Dharmapuri, Tamil Nadu, India","Unnamed Road, Varichiyur, Tamil Nadu 625020, India",9141
"Sikkampatti, Papireddipatti, Dharmapuri, Tamil Nadu, India","Poonjuthi, Poonjuthi,, Tamil Nadu",10690
"Sikkampatti, Papireddipatti, Dharmapuri, Tamil Nadu, India","Thiruvathavur, Tamil Nadu",10690
"Sikkampatti, Papireddipatti, Dharmapuri, Tamil Nadu, India","Uranganpatti, Tamil Nadu",17189
